Name,Celltype,Breaks,Type,Strand,Left,Right,Pattern,Sequence,Reference,Bold
EE1,awt,2dsb,exon_exon,Forward,13,211,AGG,ATGAACTTCGAGGTGAAGTTCAT,TGATGAACTTCGAGGTGAAGTTCATCGGCGTGAACTTCC,1
EE1,d5,2dsb,exon_exon,Forward,13,205,AGG,ATGAACTTCGAGGTGAAGTTCAT,TGATGAACTTCGAGGTGAAGTTCATCGGCGTGAACTTCC,1
EE2,awt,2dsb,exon_exon,Forward,14,191,GGACGGC,TGAACTTCGAGGACGGCTGCTTCATCT,TGATGAACTTCGAGGACGGCTGCTTCATCTACAAGGTGAAGTTCATCGGCGTGAACTTCC,0
EE2,d5,2dsb,exon_exon,Forward,14,185,GGACGGC,TGAACTTCGAGGACGGCTGCTTCATCT,TGATGAACTTCGAGGACGGCTGCTTCATCTACAAGGTGAAGTTCATCGGCGTGAACTTCC,0
EE3,awt,2dsb,exon_exon,Forward,17,224,CGGC,ACTTCGAGGACGGCGTGAACTTCC,TGATGAACTTCGAGGACGGCGTGAACTTCC,1
EE3,d5,2dsb,exon_exon,Forward,17,218,CGGC,ACTTCGAGGACGGCGTGAACTTCC,TGATGAACTTCGAGGACGGCGTGAACTTCC,1
EE4,awt,2dsb,exon_exon,Forward,20,194,CGGC,TCGAGGACGGCGGCTGCTTCATCT,TGATGAACTTCGAGGACGGCGGCTGCTTCATCTACAAGGTGAAGTTCATCGGCGTGAACTTCC,1
EE4,d5,2dsb,exon_exon,Forward,20,188,CGGC,TCGAGGACGGCGGCTGCTTCATCT,TGATGAACTTCGAGGACGGCGGCTGCTTCATCTACAAGGTGAAGTTCATCGGCGTGAACTTCC,1
EE5,awt,2dsb,exon_exon,Forward,20,224,CGGC,TCGAGGACGGCGGCGTGAACTTCC,TGATGAACTTCGAGGACGGCGGCGTGAACTTCC,1
EE5,d5,2dsb,exon_exon,Forward,20,218,CGGC,TCGAGGACGGCGGCGTGAACTTCC,TGATGAACTTCGAGGACGGCGGCGTGAACTTCC,1
EE6,awt,2dsb,exon_exon,Forward,24,213,GTG,GGACGGCGGCGTGAAGTTCATCG,TGATGAACTTCGAGGACGGCGGCGTGAAGTTCATCGGCGTGAACTTCC,0
EE6,d5,2dsb,exon_exon,Forward,24,207,GTG,GGACGGCGGCGTGAAGTTCATCG,TGATGAACTTCGAGGACGGCGGCGTGAAGTTCATCGGCGTGAACTTCC,0
EE7,awt,2dsb,exon_exon,Forward,26,195,GGC,ACGGCGGCGTGGCTGCTTCATCT,TGATGAACTTCGAGGACGGCGGCGTGGCTGCTTCATCTACAAGGTGAAGTTCATCGGCGTGAACTTCC,1
EE7,d5,2dsb,exon_exon,Forward,26,189,GGC,ACGGCGGCGTGGCTGCTTCATCT,TGATGAACTTCGAGGACGGCGGCGTGGCTGCTTCATCTACAAGGTGAAGTTCATCGGCGTGAACTTCC,1
EE8,awt,2dsb,exon_exon,Forward,26,225,GGC,ACGGCGGCGTGGCGTGAACTTCC,TGATGAACTTCGAGGACGGCGGCGTGGCGTGAACTTCC,1
EE8,d5,2dsb,exon_exon,Forward,26,219,GGC,ACGGCGGCGTGGCGTGAACTTCC,TGATGAACTTCGAGGACGGCGGCGTGGCGTGAACTTCC,1
EE9,awt,2dsb,exon_exon,Forward,29,192,GAC,GCGGCGTGGCGACGGCTGCTTCA,TGATGAACTTCGAGGACGGCGGCGTGGCGACGGCTGCTTCATCTACAAGGTGAAGTTCATCGGCGTGAACTTCC,1
EE9,d5,2dsb,exon_exon,Forward,29,186,GAC,GCGGCGTGGCGACGGCTGCTTCA,TGATGAACTTCGAGGACGGCGGCGTGGCGACGGCTGCTTCATCTACAAGGTGAAGTTCATCGGCGTGAACTTCC,1
EE10,awt,2dsb,exon_exon,Forward,33,213,GTGA,CGTGGCGACCGTGAAGTTCATCGG,TGATGAACTTCGAGGACGGCGGCGTGGCGACCGTGAAGTTCATCGGCGTGAACTTCC,0
EE10,d5,2dsb,exon_exon,Forward,33,207,GTGA,CGTGGCGACCGTGAAGTTCATCGG,TGATGAACTTCGAGGACGGCGGCGTGGCGACCGTGAAGTTCATCGGCGTGAACTTCC,0
EE11,awt,2dsb,exon_exon,Forward,35,192,GAC,TGGCGACCGTGACGGCTGCTTCA,TGATGAACTTCGAGGACGGCGGCGTGGCGACCGTGACGGCTGCTTCATCTACAAGGTGAAGTTCATCGGCGTGAACTTCC,1
EE11,d5,2dsb,exon_exon,Forward,35,186,GAC,TGGCGACCGTGACGGCTGCTTCA,TGATGAACTTCGAGGACGGCGGCGTGGCGACCGTGACGGCTGCTTCATCTACAAGGTGAAGTTCATCGGCGTGAACTTCC,1
EE12,awt,2dsb,exon_exon,Forward,40,211,AGG,ACCGTGACCCAGGTGAAGTTCAT,TGATGAACTTCGAGGACGGCGGCGTGGCGACCGTGACCCAGGTGAAGTTCATCGGCGTGAACTTCC,1
EE12,d5,2dsb,exon_exon,Forward,40,205,AGG,ACCGTGACCCAGGTGAAGTTCAT,TGATGAACTTCGAGGACGGCGGCGTGGCGACCGTGACCCAGGTGAAGTTCATCGGCGTGAACTTCC,1
EE13,awt,2dsb,exon_exon,Forward,41,191,GGAC,CCGTGACCCAGGACGGCTGCTTCA,TGATGAACTTCGAGGACGGCGGCGTGGCGACCGTGACCCAGGACGGCTGCTTCATCTACAAGGTGAAGTTCATCGGCGTGAACTTCC,0
EE13,d5,2dsb,exon_exon,Forward,41,185,GGAC,CCGTGACCCAGGACGGCTGCTTCA,TGATGAACTTCGAGGACGGCGGCGTGGCGACCGTGACCCAGGACGGCTGCTTCATCTACAAGGTGAAGTTCATCGGCGTGAACTTCC,0
