Name,Celltype,Breaks,Type,Strand,Left,Right,Pattern,Sequence,Reference,,Bold
EE1,d5,2dsb,exon_exon,Forward,21,189,GGC,CGAGGACGGCGGCTGCTTCATCT,TGATGAACTTCGAGGACGGCGGCTGCTTCATCTACAAGGTGAAGTTCATCGGCGTGAACTTCC,,1
EE1,awt,2dsb,exon_exon,Forward,21,195,GGC,CGAGGACGGCGGCTGCTTCATCT,TGATGAACTTCGAGGACGGCGGCTGCTTCATCTACAAGGTGAAGTTCATCGGCGTGAACTTCC,,1
EE1R,d5,2dsb,exon_exon,Reverse,41,209,GCC,AGATGAAGCAGCCGCCGTCCTCG,GGAAGTTCACGCCGATGAACTTCACCTTGTAGATGAAGCAGCCGCCGTCCTCGAAGTTCATCA,,0
EE1R,awt,2dsb,exon_exon,Reverse,41,215,GCC,AGATGAAGCAGCCGCCGTCCTCG,GGAAGTTCACGCCGATGAACTTCACCTTGTAGATGAAGCAGCCGCCGTCCTCGAAGTTCATCA,,0
EE2,d5,2dsb,exon_exon,Forward,24,207,GTG,GGACGGCGGCGTGAAGTTCATCG,TGATGAACTTCGAGGACGGCGGCGTGAAGTTCATCGGCGTGAACTTCC,,1
EE2,awt,2dsb,exon_exon,Forward,24,213,GTG,GGACGGCGGCGTGAAGTTCATCG,TGATGAACTTCGAGGACGGCGGCGTGAAGTTCATCGGCGTGAACTTCC,,1
EE2R,d5,2dsb,exon_exon,Reverse,23,206,CAC,CGATGAACTTCACGCCGCCGTCC,GGAAGTTCACGCCGATGAACTTCACGCCGCCGTCCTCGAAGTTCATCA,,0
EE2R,awt,2dsb,exon_exon,Reverse,23,212,CAC,CGATGAACTTCACGCCGCCGTCC,GGAAGTTCACGCCGATGAACTTCACGCCGCCGTCCTCGAAGTTCATCA,,0
EE3,d5,2dsb,exon_exon,Forward,26,189,GGC,ACGGCGGCGTGGCTGCTTCATCT,TGATGAACTTCGAGGACGGCGGCGTGGCTGCTTCATCTACAAGGTGAAGTTCATCGGCGTGAACTTCC,,1
EE3,awt,2dsb,exon_exon,Forward,26,195,GGC,ACGGCGGCGTGGCTGCTTCATCT,TGATGAACTTCGAGGACGGCGGCGTGGCTGCTTCATCTACAAGGTGAAGTTCATCGGCGTGAACTTCC,,1
EE3R,d5,2dsb,exon_exon,Reverse,41,204,GCC,AGATGAAGCAGCCACGCCGCCGT,GGAAGTTCACGCCGATGAACTTCACCTTGTAGATGAAGCAGCCACGCCGCCGTCCTCGAAGTTCATCA,,0
EE3R,awt,2dsb,exon_exon,Reverse,41,210,GCC,AGATGAAGCAGCCACGCCGCCGT,GGAAGTTCACGCCGATGAACTTCACCTTGTAGATGAAGCAGCCACGCCGCCGTCCTCGAAGTTCATCA,,0
EE4,d5,2dsb,exon_exon,Forward,29,186,GAC,GCGGCGTGGCGACGGCTGCTTCA,TGATGAACTTCGAGGACGGCGGCGTGGCGACGGCTGCTTCATCTACAAGGTGAAGTTCATCGGCGTGAACTTCC,,1
EE4,awt,2dsb,exon_exon,Forward,29,192,GAC,GCGGCGTGGCGACGGCTGCTTCA,TGATGAACTTCGAGGACGGCGGCGTGGCGACGGCTGCTTCATCTACAAGGTGAAGTTCATCGGCGTGAACTTCC,,1
EE4R,d5,2dsb,exon_exon,Reverse,44,201,GTC,TGAAGCAGCCGTCGCCACGCCGC,GGAAGTTCACGCCGATGAACTTCACCTTGTAGATGAAGCAGCCGTCGCCACGCCGCCGTCCTCGAAGTTCATCA,,0
EE4R,awt,2dsb,exon_exon,Reverse,44,207,GTC,TGAAGCAGCCGTCGCCACGCCGC,GGAAGTTCACGCCGATGAACTTCACCTTGTAGATGAAGCAGCCGTCGCCACGCCGCCGTCCTCGAAGTTCATCA,,0
EE5,d5,2dsb,exon_exon,Forward,33,207,GTGA,CGTGGCGACCGTGAAGTTCATCGG,TGATGAACTTCGAGGACGGCGGCGTGGCGACCGTGAAGTTCATCGGCGTGAACTTCC,,1
EE5,awt,2dsb,exon_exon,Forward,33,213,GTGA,CGTGGCGACCGTGAAGTTCATCGG,TGATGAACTTCGAGGACGGCGGCGTGGCGACCGTGAAGTTCATCGGCGTGAACTTCC,,1
EE5R,d5,2dsb,exon_exon,Reverse,22,196,TCAC,CCGATGAACTTCACGGTCGCCACG,GGAAGTTCACGCCGATGAACTTCACGGTCGCCACGCCGCCGTCCTCGAAGTTCATCA,,0
EE5R,awt,2dsb,exon_exon,Reverse,22,202,TCAC,CCGATGAACTTCACGGTCGCCACG,GGAAGTTCACGCCGATGAACTTCACGGTCGCCACGCCGCCGTCCTCGAAGTTCATCA,,0
EE6,d5,2dsb,exon_exon,Forward,35,186,GAC,TGGCGACCGTGACGGCTGCTTCA,TGATGAACTTCGAGGACGGCGGCGTGGCGACCGTGACGGCTGCTTCATCTACAAGGTGAAGTTCATCGGCGTGAACTTCC,,1
EE6,awt,2dsb,exon_exon,Forward,35,192,GAC,TGGCGACCGTGACGGCTGCTTCA,TGATGAACTTCGAGGACGGCGGCGTGGCGACCGTGACGGCTGCTTCATCTACAAGGTGAAGTTCATCGGCGTGAACTTCC,,1
EE6R,d5,2dsb,exon_exon,Reverse,44,195,GTC,TGAAGCAGCCGTCACGGTCGCCA,GGAAGTTCACGCCGATGAACTTCACCTTGTAGATGAAGCAGCCGTCACGGTCGCCACGCCGCCGTCCTCGAAGTTCATCA,,0
EE6R,awt,2dsb,exon_exon,Reverse,44,201,GTC,TGAAGCAGCCGTCACGGTCGCCA,GGAAGTTCACGCCGATGAACTTCACCTTGTAGATGAAGCAGCCGTCACGGTCGCCACGCCGCCGTCCTCGAAGTTCATCA,,0
EE7,d5,2dsb,exon_exon,Forward,40,205,AGG,ACCGTGACCCAGGTGAAGTTCAT,TGATGAACTTCGAGGACGGCGGCGTGGCGACCGTGACCCAGGTGAAGTTCATCGGCGTGAACTTCC,,1
EE7,awt,2dsb,exon_exon,Forward,40,211,AGG,ACCGTGACCCAGGTGAAGTTCAT,TGATGAACTTCGAGGACGGCGGCGTGGCGACCGTGACCCAGGTGAAGTTCATCGGCGTGAACTTCC,,1
EE7R,d5,2dsb,exon_exon,Reverse,25,190,CCT,ATGAACTTCACCTGGGTCACGGT,GGAAGTTCACGCCGATGAACTTCACCTGGGTCACGGTCGCCACGCCGCCGTCCTCGAAGTTCATCA,,0
EE7R,awt,2dsb,exon_exon,Reverse,25,196,CCT,ATGAACTTCACCTGGGTCACGGT,GGAAGTTCACGCCGATGAACTTCACCTGGGTCACGGTCGCCACGCCGCCGTCCTCGAAGTTCATCA,,0
EE8,d5,2dsb,exon_exon,Forward,41,185,GGAC,CCGTGACCCAGGACGGCTGCTTCA,TGATGAACTTCGAGGACGGCGGCGTGGCGACCGTGACCCAGGACGGCTGCTTCATCTACAAGGTGAAGTTCATCGGCGTGAACTTCC,,1
EE8,awt,2dsb,exon_exon,Forward,41,191,GGAC,CCGTGACCCAGGACGGCTGCTTCA,TGATGAACTTCGAGGACGGCGGCGTGGCGACCGTGACCCAGGACGGCTGCTTCATCTACAAGGTGAAGTTCATCGGCGTGAACTTCC,,1
EE8R,d5,2dsb,exon_exon,Reverse,44,188,GTCC,TGAAGCAGCCGTCCTGGGTCACGG,GGAAGTTCACGCCGATGAACTTCACCTTGTAGATGAAGCAGCCGTCCTGGGTCACGGTCGCCACGCCGCCGTCCTCGAAGTTCATCA,,0
EE8R,awt,2dsb,exon_exon,Reverse,44,194,GTCC,TGAAGCAGCCGTCCTGGGTCACGG,GGAAGTTCACGCCGATGAACTTCACCTTGTAGATGAAGCAGCCGTCCTGGGTCACGGTCGCCACGCCGCCGTCCTCGAAGTTCATCA,,0
