Name,Celltype,Breaks,Type,Strand,Left,Right,Pattern,Sequence,Reference
EE1,db,EI,exon_exon,Forward,21,184,GCACC,CGCATGGAGGGCACCCCGCCGACAT,CTTCAAGGTGCGCATGGAGGGCACCCCGCCGACATCCCCGACTACAAGAAGCTGTCCTTCCCCGAGGGCTTCAAGTGGGAGCGCGTGAT
EE1,wt,EI,exon_exon,Forward,21,184,GCACC,CGCATGGAGGGCACCCCGCCGACAT,CTTCAAGGTGCGCATGGAGGGCACCCCGCCGACATCCCCGACTACAAGAAGCTGTCCTTCCCCGAGGGCTTCAAGTGGGAGCGCGTGAT
EE1R,db,EI,exon_exon,Reverse,65,228,GGTGC,ATGTCGGCGGGGTGCCCTCCATGCG,ATCACGCGCTCCCACTTGAAGCCCTCGGGGAAGGACAGCTTCTTGTAGTCGGGGATGTCGGCGGGGTGCCCTCCATGCGCACCTTGAAG
EE1R,wt,EI,exon_exon,Reverse,65,228,GGTGC,ATGTCGGCGGGGTGCCCTCCATGCG,ATCACGCGCTCCCACTTGAAGCCCTCGGGGAAGGACAGCTTCTTGTAGTCGGGGATGTCGGCGGGGTGCCCTCCATGCGCACCTTGAAG
EE2,db,EI,exon_exon,Forward,24,189,CCG,ATGGAGGGCACCGCCGACATCCC,CTTCAAGGTGCGCATGGAGGGCACCGCCGACATCCCCGACTACAAGAAGCTGTCCTTCCCCGAGGGCTTCAAGTGGGAGCGCGTGAT
EE2,wt,EI,exon_exon,Forward,24,189,CCG,ATGGAGGGCACCGCCGACATCCC,CTTCAAGGTGCGCATGGAGGGCACCGCCGACATCCCCGACTACAAGAAGCTGTCCTTCCCCGAGGGCTTCAAGTGGGAGCGCGTGAT
EE2R,db,EI,exon_exon,Reverse,62,227,CGG,GGGATGTCGGCGGTGCCCTCCAT,ATCACGCGCTCCCACTTGAAGCCCTCGGGGAAGGACAGCTTCTTGTAGTCGGGGATGTCGGCGGTGCCCTCCATGCGCACCTTGAAG
EE2R,wt,EI,exon_exon,Reverse,62,227,CGG,GGGATGTCGGCGGTGCCCTCCAT,ATCACGCGCTCCCACTTGAAGCCCTCGGGGAAGGACAGCTTCTTGTAGTCGGGGATGTCGGCGGTGCCCTCCATGCGCACCTTGAAG
EE3,db,EI,exon_exon,Forward,24,192,CCG,ATGGAGGGCACCGACATCCCCGA,CTTCAAGGTGCGCATGGAGGGCACCGACATCCCCGACTACAAGAAGCTGTCCTTCCCCGAGGGCTTCAAGTGGGAGCGCGTGAT
EE3,wt,EI,exon_exon,Forward,24,192,CCG,ATGGAGGGCACCGACATCCCCGA,CTTCAAGGTGCGCATGGAGGGCACCGACATCCCCGACTACAAGAAGCTGTCCTTCCCCGAGGGCTTCAAGTGGGAGCGCGTGAT
EE3R,db,EI,exon_exon,Reverse,59,227,CGG,TCGGGGATGTCGGTGCCCTCCAT,ATCACGCGCTCCCACTTGAAGCCCTCGGGGAAGGACAGCTTCTTGTAGTCGGGGATGTCGGTGCCCTCCATGCGCACCTTGAAG
EE3R,wt,EI,exon_exon,Reverse,59,227,CGG,TCGGGGATGTCGGTGCCCTCCAT,ATCACGCGCTCCCACTTGAAGCCCTCGGGGAAGGACAGCTTCTTGTAGTCGGGGATGTCGGTGCCCTCCATGCGCACCTTGAAG
EE4,db,EI,exon_exon,Forward,24,201,CCG,ATGGAGGGCACCGACTACAAGAA,CTTCAAGGTGCGCATGGAGGGCACCGACTACAAGAAGCTGTCCTTCCCCGAGGGCTTCAAGTGGGAGCGCGTGAT
EE4,wt,EI,exon_exon,Forward,24,201,CCG,ATGGAGGGCACCGACTACAAGAA,CTTCAAGGTGCGCATGGAGGGCACCGACTACAAGAAGCTGTCCTTCCCCGAGGGCTTCAAGTGGGAGCGCGTGAT
EE4R,db,EI,exon_exon,Reverse,50,227,CGG,TTCTTGTAGTCGGTGCCCTCCAT,ATCACGCGCTCCCACTTGAAGCCCTCGGGGAAGGACAGCTTCTTGTAGTCGGTGCCCTCCATGCGCACCTTGAAG
EE4R,wt,EI,exon_exon,Reverse,50,227,CGG,TTCTTGTAGTCGGTGCCCTCCAT,ATCACGCGCTCCCACTTGAAGCCCTCGGGGAAGGACAGCTTCTTGTAGTCGGTGCCCTCCATGCGCACCTTGAAG
EE5,db,EI,exon_exon,Forward,24,225,CCG,ATGGAGGGCACCGAGGGCTTCAA,CTTCAAGGTGCGCATGGAGGGCACCGAGGGCTTCAAGTGGGAGCGCGTGAT
EE5,wt,EI,exon_exon,Forward,24,225,CCG,ATGGAGGGCACCGAGGGCTTCAA,CTTCAAGGTGCGCATGGAGGGCACCGAGGGCTTCAAGTGGGAGCGCGTGAT
EE5R,db,EI,exon_exon,Reverse,26,227,CGG,TTGAAGCCCTCGGTGCCCTCCAT,ATCACGCGCTCCCACTTGAAGCCCTCGGTGCCCTCCATGCGCACCTTGAAG
EE5R,wt,EI,exon_exon,Reverse,26,227,CGG,TTGAAGCCCTCGGTGCCCTCCAT,ATCACGCGCTCCCACTTGAAGCCCTCGGTGCCCTCCATGCGCACCTTGAAG
EE6,db,EI,exon_exon,Forward,26,173,GTG,GGAGGGCACCGTGTACGTGAAGC,CTTCAAGGTGCGCATGGAGGGCACCGTGTACGTGAAGCACCCCGCCGACATCCCCGACTACAAGAAGCTGTCCTTCCCCGAGGGCTTCAAGTGGGAGCGCGTGAT
EE6,wt,EI,exon_exon,Forward,26,173,GTG,GGAGGGCACCGTGTACGTGAAGC,CTTCAAGGTGCGCATGGAGGGCACCGTGTACGTGAAGCACCCCGCCGACATCCCCGACTACAAGAAGCTGTCCTTCCCCGAGGGCTTCAAGTGGGAGCGCGTGAT
EE6R,db,EI,exon_exon,Reverse,78,225,CAC,GCTTCACGTACACGGTGCCCTCC,ATCACGCGCTCCCACTTGAAGCCCTCGGGGAAGGACAGCTTCTTGTAGTCGGGGATGTCGGCGGGGTGCTTCACGTACACGGTGCCCTCCATGCGCACCTTGAAG
EE6R,wt,EI,exon_exon,Reverse,78,225,CAC,GCTTCACGTACACGGTGCCCTCC,ATCACGCGCTCCCACTTGAAGCCCTCGGGGAAGGACAGCTTCTTGTAGTCGGGGATGTCGGCGGGGTGCTTCACGTACACGGTGCCCTCCATGCGCACCTTGAAG
EE7,db,EI,exon_exon,Forward,25,178,CGTGAA,TGGAGGGCACCGTGAAGCACCCCGCC,CTTCAAGGTGCGCATGGAGGGCACCGTGAAGCACCCCGCCGACATCCCCGACTACAAGAAGCTGTCCTTCCCCGAGGGCTTCAAGTGGGAGCGCGTGAT
EE7,wt,EI,exon_exon,Forward,25,178,CGTGAA,TGGAGGGCACCGTGAAGCACCCCGCC,CTTCAAGGTGCGCATGGAGGGCACCGTGAAGCACCCCGCCGACATCCCCGACTACAAGAAGCTGTCCTTCCCCGAGGGCTTCAAGTGGGAGCGCGTGAT
EE7R,db,EI,exon_exon,Reverse,70,223,TTCACG,GGCGGGGTGCTTCACGGTGCCCTCCA,ATCACGCGCTCCCACTTGAAGCCCTCGGGGAAGGACAGCTTCTTGTAGTCGGGGATGTCGGCGGGGTGCTTCACGGTGCCCTCCATGCGCACCTTGAAG
EE7R,wt,EI,exon_exon,Reverse,70,223,TTCACG,GGCGGGGTGCTTCACGGTGCCCTCCA,ATCACGCGCTCCCACTTGAAGCCCTCGGGGAAGGACAGCTTCTTGTAGTCGGGGATGTCGGCGGGGTGCTTCACGGTGCCCTCCATGCGCACCTTGAAG
EE8,db,EI,exon_exon,Forward,28,211,GAA,AGGGCACCGTGAAGCTGTCCTTC,CTTCAAGGTGCGCATGGAGGGCACCGTGAAGCTGTCCTTCCCCGAGGGCTTCAAGTGGGAGCGCGTGAT
EE8,wt,EI,exon_exon,Forward,28,211,GAA,AGGGCACCGTGAAGCTGTCCTTC,CTTCAAGGTGCGCATGGAGGGCACCGTGAAGCTGTCCTTCCCCGAGGGCTTCAAGTGGGAGCGCGTGAT
EE8R,db,EI,exon_exon,Reverse,40,223,TTC,GAAGGACAGCTTCACGGTGCCCT,ATCACGCGCTCCCACTTGAAGCCCTCGGGGAAGGACAGCTTCACGGTGCCCTCCATGCGCACCTTGAAG
EE8R,wt,EI,exon_exon,Reverse,40,223,TTC,GAAGGACAGCTTCACGGTGCCCT,ATCACGCGCTCCCACTTGAAGCCCTCGGGGAAGGACAGCTTCACGGTGCCCTCCATGCGCACCTTGAAG
EE9,db,EI,exon_exon,Forward,30,177,ACG,GGCACCGTGAACGTGAAGCACCC,CTTCAAGGTGCGCATGGAGGGCACCGTGAACGTGAAGCACCCCGCCGACATCCCCGACTACAAGAAGCTGTCCTTCCCCGAGGGCTTCAAGTGGGAGCGCGTGAT
EE9,wt,EI,exon_exon,Forward,30,177,ACG,GGCACCGTGAACGTGAAGCACCC,CTTCAAGGTGCGCATGGAGGGCACCGTGAACGTGAAGCACCCCGCCGACATCCCCGACTACAAGAAGCTGTCCTTCCCCGAGGGCTTCAAGTGGGAGCGCGTGAT
EE9R,db,EI,exon_exon,Reverse,74,221,CGT,GGGTGCTTCACGTTCACGGTGCC,ATCACGCGCTCCCACTTGAAGCCCTCGGGGAAGGACAGCTTCTTGTAGTCGGGGATGTCGGCGGGGTGCTTCACGTTCACGGTGCCCTCCATGCGCACCTTGAAG
EE9R,wt,EI,exon_exon,Reverse,74,221,CGT,GGGTGCTTCACGTTCACGGTGCC,ATCACGCGCTCCCACTTGAAGCCCTCGGGGAAGGACAGCTTCTTGTAGTCGGGGATGTCGGCGGGGTGCTTCACGTTCACGGTGCCCTCCATGCGCACCTTGAAG
EE10,db,EI,exon_exon,Forward,30,162,ACGGC,GGCACCGTGAACGGCTCCAAGGTGT,CTTCAAGGTGCGCATGGAGGGCACCGTGAACGGCTCCAAGGTGTACGTGAAGCACCCCGCCGACATCCCCGACTACAAGAAGCTGTCCTTCCCCGAGGGCTTCAAGTGGGAGCGCGTGAT
EE10,wt,EI,exon_exon,Forward,30,162,ACGGC,GGCACCGTGAACGGCTCCAAGGTGT,CTTCAAGGTGCGCATGGAGGGCACCGTGAACGGCTCCAAGGTGTACGTGAAGCACCCCGCCGACATCCCCGACTACAAGAAGCTGTCCTTCCCCGAGGGCTTCAAGTGGGAGCGCGTGAT
EE10R,db,EI,exon_exon,Reverse,87,219,GCCGT,ACACCTTGGAGCCGTTCACGGTGCC,ATCACGCGCTCCCACTTGAAGCCCTCGGGGAAGGACAGCTTCTTGTAGTCGGGGATGTCGGCGGGGTGCTTCACGTACACCTTGGAGCCGTTCACGGTGCCCTCCATGCGCACCTTGAAG
EE10R,wt,EI,exon_exon,Reverse,87,219,GCCGT,ACACCTTGGAGCCGTTCACGGTGCC,ATCACGCGCTCCCACTTGAAGCCCTCGGGGAAGGACAGCTTCTTGTAGTCGGGGATGTCGGCGGGGTGCTTCACGTACACCTTGGAGCCGTTCACGGTGCCCTCCATGCGCACCTTGAAG
EE11,db,EI,exon_exon,Forward,32,230,GGC,CACCGTGAACGGCTTCAAGTGGG,CTTCAAGGTGCGCATGGAGGGCACCGTGAACGGCTTCAAGTGGGAGCGCGTGAT
EE11,wt,EI,exon_exon,Forward,32,230,GGC,CACCGTGAACGGCTTCAAGTGGG,CTTCAAGGTGCGCATGGAGGGCACCGTGAACGGCTTCAAGTGGGAGCGCGTGAT
EE11R,db,EI,exon_exon,Reverse,21,219,GCC,CCCACTTGAAGCCGTTCACGGTG,ATCACGCGCTCCCACTTGAAGCCGTTCACGGTGCCCTCCATGCGCACCTTGAAG
EE11R,wt,EI,exon_exon,Reverse,21,219,GCC,CCCACTTGAAGCCGTTCACGGTG,ATCACGCGCTCCCACTTGAAGCCGTTCACGGTGCCCTCCATGCGCACCTTGAAG
EE12,db,EI,exon_exon,Forward,33,131,GCC,ACCGTGAACGGCCTGGGACATCC,CTTCAAGGTGCGCATGGAGGGCACCGTGAACGGCCTGGGACATCCTGTCCCCCCAGTTCCAGTACGGCTCCAAGGTGTACGTGAAGCACCCCGCCGACATCCCCGACTACAAGAAGCTGTCCTTCCCCGAGGGCTTCAAGTGGGAGCGCGTGAT
EE12,wt,EI,exon_exon,Forward,33,131,GCC,ACCGTGAACGGCCTGGGACATCC,CTTCAAGGTGCGCATGGAGGGCACCGTGAACGGCCTGGGACATCCTGTCCCCCCAGTTCCAGTACGGCTCCAAGGTGTACGTGAAGCACCCCGCCGACATCCCCGACTACAAGAAGCTGTCCTTCCCCGAGGGCTTCAAGTGGGAGCGCGTGAT
EE12R,db,EI,exon_exon,Reverse,120,218,GGC,GGATGTCCCAGGCCGTTCACGGT,ATCACGCGCTCCCACTTGAAGCCCTCGGGGAAGGACAGCTTCTTGTAGTCGGGGATGTCGGCGGGGTGCTTCACGTACACCTTGGAGCCGTACTGGAACTGGGGGGACAGGATGTCCCAGGCCGTTCACGGTGCCCTCCATGCGCACCTTGAAG
EE12R,wt,EI,exon_exon,Reverse,120,218,GGC,GGATGTCCCAGGCCGTTCACGGT,ATCACGCGCTCCCACTTGAAGCCCTCGGGGAAGGACAGCTTCTTGTAGTCGGGGATGTCGGCGGGGTGCTTCACGTACACCTTGGAGCCGTACTGGAACTGGGGGGACAGGATGTCCCAGGCCGTTCACGGTGCCCTCCATGCGCACCTTGAAG
EE13,db,EI,exon_exon,Forward,33,191,GCC,ACCGTGAACGGCCGACATCCCCG,CTTCAAGGTGCGCATGGAGGGCACCGTGAACGGCCGACATCCCCGACTACAAGAAGCTGTCCTTCCCCGAGGGCTTCAAGTGGGAGCGCGTGAT
EE13,wt,EI,exon_exon,Forward,33,191,GCC,ACCGTGAACGGCCGACATCCCCG,CTTCAAGGTGCGCATGGAGGGCACCGTGAACGGCCGACATCCCCGACTACAAGAAGCTGTCCTTCCCCGAGGGCTTCAAGTGGGAGCGCGTGAT
EE13R,db,EI,exon_exon,Reverse,60,218,GGC,CGGGGATGTCGGCCGTTCACGGT,ATCACGCGCTCCCACTTGAAGCCCTCGGGGAAGGACAGCTTCTTGTAGTCGGGGATGTCGGCCGTTCACGGTGCCCTCCATGCGCACCTTGAAG
EE13R,wt,EI,exon_exon,Reverse,60,218,GGC,CGGGGATGTCGGCCGTTCACGGT,ATCACGCGCTCCCACTTGAAGCCCTCGGGGAAGGACAGCTTCTTGTAGTCGGGGATGTCGGCCGTTCACGGTGCCCTCCATGCGCACCTTGAAG
EE14,db,EI,exon_exon,Forward,34,151,CCA,CCGTGAACGGCCAGTTCCAGTAC,CTTCAAGGTGCGCATGGAGGGCACCGTGAACGGCCAGTTCCAGTACGGCTCCAAGGTGTACGTGAAGCACCCCGCCGACATCCCCGACTACAAGAAGCTGTCCTTCCCCGAGGGCTTCAAGTGGGAGCGCGTGAT
EE14,wt,EI,exon_exon,Forward,34,151,CCA,CCGTGAACGGCCAGTTCCAGTAC,CTTCAAGGTGCGCATGGAGGGCACCGTGAACGGCCAGTTCCAGTACGGCTCCAAGGTGTACGTGAAGCACCCCGCCGACATCCCCGACTACAAGAAGCTGTCCTTCCCCGAGGGCTTCAAGTGGGAGCGCGTGAT
EE14R,db,EI,exon_exon,Reverse,100,217,TGG,GTACTGGAACTGGCCGTTCACGG,ATCACGCGCTCCCACTTGAAGCCCTCGGGGAAGGACAGCTTCTTGTAGTCGGGGATGTCGGCGGGGTGCTTCACGTACACCTTGGAGCCGTACTGGAACTGGCCGTTCACGGTGCCCTCCATGCGCACCTTGAAG
EE14R,wt,EI,exon_exon,Reverse,100,217,TGG,GTACTGGAACTGGCCGTTCACGG,ATCACGCGCTCCCACTTGAAGCCCTCGGGGAAGGACAGCTTCTTGTAGTCGGGGATGTCGGCGGGGTGCTTCACGTACACCTTGGAGCCGTACTGGAACTGGCCGTTCACGGTGCCCTCCATGCGCACCTTGAAG
EE15,db,EI,exon_exon,Forward,34,157,CCA,CCGTGAACGGCCAGTACGGCTCC,CTTCAAGGTGCGCATGGAGGGCACCGTGAACGGCCAGTACGGCTCCAAGGTGTACGTGAAGCACCCCGCCGACATCCCCGACTACAAGAAGCTGTCCTTCCCCGAGGGCTTCAAGTGGGAGCGCGTGAT
EE15,wt,EI,exon_exon,Forward,34,157,CCA,CCGTGAACGGCCAGTACGGCTCC,CTTCAAGGTGCGCATGGAGGGCACCGTGAACGGCCAGTACGGCTCCAAGGTGTACGTGAAGCACCCCGCCGACATCCCCGACTACAAGAAGCTGTCCTTCCCCGAGGGCTTCAAGTGGGAGCGCGTGAT
EE15R,db,EI,exon_exon,Reverse,94,217,TGG,GGAGCCGTACTGGCCGTTCACGG,ATCACGCGCTCCCACTTGAAGCCCTCGGGGAAGGACAGCTTCTTGTAGTCGGGGATGTCGGCGGGGTGCTTCACGTACACCTTGGAGCCGTACTGGCCGTTCACGGTGCCCTCCATGCGCACCTTGAAG
EE15R,wt,EI,exon_exon,Reverse,94,217,TGG,GGAGCCGTACTGGCCGTTCACGG,ATCACGCGCTCCCACTTGAAGCCCTCGGGGAAGGACAGCTTCTTGTAGTCGGGGATGTCGGCGGGGTGCTTCACGTACACCTTGGAGCCGTACTGGCCGTTCACGGTGCCCTCCATGCGCACCTTGAAG
EE16,db,EI,exon_exon,Forward,34,168,CCA,CCGTGAACGGCCAAGGTGTACGT,CTTCAAGGTGCGCATGGAGGGCACCGTGAACGGCCAAGGTGTACGTGAAGCACCCCGCCGACATCCCCGACTACAAGAAGCTGTCCTTCCCCGAGGGCTTCAAGTGGGAGCGCGTGAT
EE16,wt,EI,exon_exon,Forward,34,168,CCA,CCGTGAACGGCCAAGGTGTACGT,CTTCAAGGTGCGCATGGAGGGCACCGTGAACGGCCAAGGTGTACGTGAAGCACCCCGCCGACATCCCCGACTACAAGAAGCTGTCCTTCCCCGAGGGCTTCAAGTGGGAGCGCGTGAT
EE16R,db,EI,exon_exon,Reverse,83,217,TGG,ACGTACACCTTGGCCGTTCACGG,ATCACGCGCTCCCACTTGAAGCCCTCGGGGAAGGACAGCTTCTTGTAGTCGGGGATGTCGGCGGGGTGCTTCACGTACACCTTGGCCGTTCACGGTGCCCTCCATGCGCACCTTGAAG
EE16R,wt,EI,exon_exon,Reverse,83,217,TGG,ACGTACACCTTGGCCGTTCACGG,ATCACGCGCTCCCACTTGAAGCCCTCGGGGAAGGACAGCTTCTTGTAGTCGGGGATGTCGGCGGGGTGCTTCACGTACACCTTGGCCGTTCACGGTGCCCTCCATGCGCACCTTGAAG
EE17,db,EI,exon_exon,Forward,35,185,CAC,CGTGAACGGCCACCCCGCCGACA,CTTCAAGGTGCGCATGGAGGGCACCGTGAACGGCCACCCCGCCGACATCCCCGACTACAAGAAGCTGTCCTTCCCCGAGGGCTTCAAGTGGGAGCGCGTGAT
EE17,wt,EI,exon_exon,Forward,35,185,CAC,CGTGAACGGCCACCCCGCCGACA,CTTCAAGGTGCGCATGGAGGGCACCGTGAACGGCCACCCCGCCGACATCCCCGACTACAAGAAGCTGTCCTTCCCCGAGGGCTTCAAGTGGGAGCGCGTGAT
EE17R,db,EI,exon_exon,Reverse,66,216,GTG,TGTCGGCGGGGTGGCCGTTCACG,ATCACGCGCTCCCACTTGAAGCCCTCGGGGAAGGACAGCTTCTTGTAGTCGGGGATGTCGGCGGGGTGGCCGTTCACGGTGCCCTCCATGCGCACCTTGAAG
EE17R,wt,EI,exon_exon,Reverse,66,216,GTG,TGTCGGCGGGGTGGCCGTTCACG,ATCACGCGCTCCCACTTGAAGCCCTCGGGGAAGGACAGCTTCTTGTAGTCGGGGATGTCGGCGGGGTGGCCGTTCACGGTGCCCTCCATGCGCACCTTGAAG
EE18,db,EI,exon_exon,Forward,36,162,ACG,GTGAACGGCCACGGCTCCAAGGT,CTTCAAGGTGCGCATGGAGGGCACCGTGAACGGCCACGGCTCCAAGGTGTACGTGAAGCACCCCGCCGACATCCCCGACTACAAGAAGCTGTCCTTCCCCGAGGGCTTCAAGTGGGAGCGCGTGAT
EE18,wt,EI,exon_exon,Forward,36,162,ACG,GTGAACGGCCACGGCTCCAAGGT,CTTCAAGGTGCGCATGGAGGGCACCGTGAACGGCCACGGCTCCAAGGTGTACGTGAAGCACCCCGCCGACATCCCCGACTACAAGAAGCTGTCCTTCCCCGAGGGCTTCAAGTGGGAGCGCGTGAT
EE18R,db,EI,exon_exon,Reverse,89,215,CGT,ACCTTGGAGCCGTGGCCGTTCAC,ATCACGCGCTCCCACTTGAAGCCCTCGGGGAAGGACAGCTTCTTGTAGTCGGGGATGTCGGCGGGGTGCTTCACGTACACCTTGGAGCCGTGGCCGTTCACGGTGCCCTCCATGCGCACCTTGAAG
EE18R,wt,EI,exon_exon,Reverse,89,215,CGT,ACCTTGGAGCCGTGGCCGTTCAC,ATCACGCGCTCCCACTTGAAGCCCTCGGGGAAGGACAGCTTCTTGTAGTCGGGGATGTCGGCGGGGTGCTTCACGTACACCTTGGAGCCGTGGCCGTTCACGGTGCCCTCCATGCGCACCTTGAAG
EE19,db,EI,exon_exon,Forward,36,177,ACG,GTGAACGGCCACGTGAAGCACCC,CTTCAAGGTGCGCATGGAGGGCACCGTGAACGGCCACGTGAAGCACCCCGCCGACATCCCCGACTACAAGAAGCTGTCCTTCCCCGAGGGCTTCAAGTGGGAGCGCGTGAT
EE19,wt,EI,exon_exon,Forward,36,177,ACG,GTGAACGGCCACGTGAAGCACCC,CTTCAAGGTGCGCATGGAGGGCACCGTGAACGGCCACGTGAAGCACCCCGCCGACATCCCCGACTACAAGAAGCTGTCCTTCCCCGAGGGCTTCAAGTGGGAGCGCGTGAT
EE19R,db,EI,exon_exon,Reverse,74,215,CGT,GGGTGCTTCACGTGGCCGTTCAC,ATCACGCGCTCCCACTTGAAGCCCTCGGGGAAGGACAGCTTCTTGTAGTCGGGGATGTCGGCGGGGTGCTTCACGTGGCCGTTCACGGTGCCCTCCATGCGCACCTTGAAG
EE19R,wt,EI,exon_exon,Reverse,74,215,CGT,GGGTGCTTCACGTGGCCGTTCAC,ATCACGCGCTCCCACTTGAAGCCCTCGGGGAAGGACAGCTTCTTGTAGTCGGGGATGTCGGCGGGGTGCTTCACGTGGCCGTTCACGGTGCCCTCCATGCGCACCTTGAAG
EE20,db,EI,exon_exon,Forward,37,193,CGA,TGAACGGCCACGACATCCCCGAC,CTTCAAGGTGCGCATGGAGGGCACCGTGAACGGCCACGACATCCCCGACTACAAGAAGCTGTCCTTCCCCGAGGGCTTCAAGTGGGAGCGCGTGAT
EE20,wt,EI,exon_exon,Forward,37,193,CGA,TGAACGGCCACGACATCCCCGAC,CTTCAAGGTGCGCATGGAGGGCACCGTGAACGGCCACGACATCCCCGACTACAAGAAGCTGTCCTTCCCCGAGGGCTTCAAGTGGGAGCGCGTGAT
EE20R,db,EI,exon_exon,Reverse,58,214,TCG,GTCGGGGATGTCGTGGCCGTTCA,ATCACGCGCTCCCACTTGAAGCCCTCGGGGAAGGACAGCTTCTTGTAGTCGGGGATGTCGTGGCCGTTCACGGTGCCCTCCATGCGCACCTTGAAG
EE20R,wt,EI,exon_exon,Reverse,58,214,TCG,GTCGGGGATGTCGTGGCCGTTCA,ATCACGCGCTCCCACTTGAAGCCCTCGGGGAAGGACAGCTTCTTGTAGTCGGGGATGTCGTGGCCGTTCACGGTGCCCTCCATGCGCACCTTGAAG
EE21,db,EI,exon_exon,Forward,37,202,CGA,TGAACGGCCACGACTACAAGAAG,CTTCAAGGTGCGCATGGAGGGCACCGTGAACGGCCACGACTACAAGAAGCTGTCCTTCCCCGAGGGCTTCAAGTGGGAGCGCGTGAT
EE21,wt,EI,exon_exon,Forward,37,202,CGA,TGAACGGCCACGACTACAAGAAG,CTTCAAGGTGCGCATGGAGGGCACCGTGAACGGCCACGACTACAAGAAGCTGTCCTTCCCCGAGGGCTTCAAGTGGGAGCGCGTGAT
EE21R,db,EI,exon_exon,Reverse,49,214,TCG,CTTCTTGTAGTCGTGGCCGTTCA,ATCACGCGCTCCCACTTGAAGCCCTCGGGGAAGGACAGCTTCTTGTAGTCGTGGCCGTTCACGGTGCCCTCCATGCGCACCTTGAAG
EE21R,wt,EI,exon_exon,Reverse,49,214,TCG,CTTCTTGTAGTCGTGGCCGTTCA,ATCACGCGCTCCCACTTGAAGCCCTCGGGGAAGGACAGCTTCTTGTAGTCGTGGCCGTTCACGGTGCCCTCCATGCGCACCTTGAAG
EE22,db,EI,exon_exon,Forward,37,226,CGAG,TGAACGGCCACGAGGGCTTCAAGT,CTTCAAGGTGCGCATGGAGGGCACCGTGAACGGCCACGAGGGCTTCAAGTGGGAGCGCGTGAT
EE22,wt,EI,exon_exon,Forward,37,226,CGAG,TGAACGGCCACGAGGGCTTCAAGT,CTTCAAGGTGCGCATGGAGGGCACCGTGAACGGCCACGAGGGCTTCAAGTGGGAGCGCGTGAT
EE22R,db,EI,exon_exon,Reverse,24,213,CTCG,ACTTGAAGCCCTCGTGGCCGTTCA,ATCACGCGCTCCCACTTGAAGCCCTCGTGGCCGTTCACGGTGCCCTCCATGCGCACCTTGAAG
EE22R,wt,EI,exon_exon,Reverse,24,213,CTCG,ACTTGAAGCCCTCGTGGCCGTTCA,ATCACGCGCTCCCACTTGAAGCCCTCGTGGCCGTTCACGGTGCCCTCCATGCGCACCTTGAAG
EE23,db,EI,exon_exon,Forward,39,159,AGT,AACGGCCACGAGTACGGCTCCAA,CTTCAAGGTGCGCATGGAGGGCACCGTGAACGGCCACGAGTACGGCTCCAAGGTGTACGTGAAGCACCCCGCCGACATCCCCGACTACAAGAAGCTGTCCTTCCCCGAGGGCTTCAAGTGGGAGCGCGTGAT
EE23,wt,EI,exon_exon,Forward,39,159,AGT,AACGGCCACGAGTACGGCTCCAA,CTTCAAGGTGCGCATGGAGGGCACCGTGAACGGCCACGAGTACGGCTCCAAGGTGTACGTGAAGCACCCCGCCGACATCCCCGACTACAAGAAGCTGTCCTTCCCCGAGGGCTTCAAGTGGGAGCGCGTGAT
EE23R,db,EI,exon_exon,Reverse,92,212,ACT,TTGGAGCCGTACTCGTGGCCGTT,ATCACGCGCTCCCACTTGAAGCCCTCGGGGAAGGACAGCTTCTTGTAGTCGGGGATGTCGGCGGGGTGCTTCACGTACACCTTGGAGCCGTACTCGTGGCCGTTCACGGTGCCCTCCATGCGCACCTTGAAG
EE23R,wt,EI,exon_exon,Reverse,92,212,ACT,TTGGAGCCGTACTCGTGGCCGTT,ATCACGCGCTCCCACTTGAAGCCCTCGGGGAAGGACAGCTTCTTGTAGTCGGGGATGTCGGCGGGGTGCTTCACGTACACCTTGGAGCCGTACTCGTGGCCGTTCACGGTGCCCTCCATGCGCACCTTGAAG
EE24,db,EI,exon_exon,Forward,39,153,AGTTC,AACGGCCACGAGTTCCAGTACGGCT,CTTCAAGGTGCGCATGGAGGGCACCGTGAACGGCCACGAGTTCCAGTACGGCTCCAAGGTGTACGTGAAGCACCCCGCCGACATCCCCGACTACAAGAAGCTGTCCTTCCCCGAGGGCTTCAAGTGGGAGCGCGTGAT
EE24,wt,EI,exon_exon,Forward,39,153,AGTTC,AACGGCCACGAGTTCCAGTACGGCT,CTTCAAGGTGCGCATGGAGGGCACCGTGAACGGCCACGAGTTCCAGTACGGCTCCAAGGTGTACGTGAAGCACCCCGCCGACATCCCCGACTACAAGAAGCTGTCCTTCCCCGAGGGCTTCAAGTGGGAGCGCGTGAT
EE24R,db,EI,exon_exon,Reverse,96,210,GAACT,AGCCGTACTGGAACTCGTGGCCGTT,ATCACGCGCTCCCACTTGAAGCCCTCGGGGAAGGACAGCTTCTTGTAGTCGGGGATGTCGGCGGGGTGCTTCACGTACACCTTGGAGCCGTACTGGAACTCGTGGCCGTTCACGGTGCCCTCCATGCGCACCTTGAAG
EE24R,wt,EI,exon_exon,Reverse,96,210,GAACT,AGCCGTACTGGAACTCGTGGCCGTT,ATCACGCGCTCCCACTTGAAGCCCTCGGGGAAGGACAGCTTCTTGTAGTCGGGGATGTCGGCGGGGTGCTTCACGTACACCTTGGAGCCGTACTGGAACTCGTGGCCGTTCACGGTGCCCTCCATGCGCACCTTGAAG
EE25,db,EI,exon_exon,Forward,41,221,TTC,CGGCCACGAGTTCCCCGAGGGCT,CTTCAAGGTGCGCATGGAGGGCACCGTGAACGGCCACGAGTTCCCCGAGGGCTTCAAGTGGGAGCGCGTGAT
EE25,wt,EI,exon_exon,Forward,41,221,TTC,CGGCCACGAGTTCCCCGAGGGCT,CTTCAAGGTGCGCATGGAGGGCACCGTGAACGGCCACGAGTTCCCCGAGGGCTTCAAGTGGGAGCGCGTGAT
EE25R,db,EI,exon_exon,Reverse,30,210,GAA,AGCCCTCGGGGAACTCGTGGCCG,ATCACGCGCTCCCACTTGAAGCCCTCGGGGAACTCGTGGCCGTTCACGGTGCCCTCCATGCGCACCTTGAAG
EE25R,wt,EI,exon_exon,Reverse,30,210,GAA,AGCCCTCGGGGAACTCGTGGCCG,ATCACGCGCTCCCACTTGAAGCCCTCGGGGAACTCGTGGCCGTTCACGGTGCCCTCCATGCGCACCTTGAAG
EE26,db,EI,exon_exon,Forward,43,193,CGA,GCCACGAGTTCGACATCCCCGAC,CTTCAAGGTGCGCATGGAGGGCACCGTGAACGGCCACGAGTTCGACATCCCCGACTACAAGAAGCTGTCCTTCCCCGAGGGCTTCAAGTGGGAGCGCGTGAT
EE26,wt,EI,exon_exon,Forward,43,193,CGA,GCCACGAGTTCGACATCCCCGAC,CTTCAAGGTGCGCATGGAGGGCACCGTGAACGGCCACGAGTTCGACATCCCCGACTACAAGAAGCTGTCCTTCCCCGAGGGCTTCAAGTGGGAGCGCGTGAT
EE26R,db,EI,exon_exon,Reverse,58,208,TCG,GTCGGGGATGTCGAACTCGTGGC,ATCACGCGCTCCCACTTGAAGCCCTCGGGGAAGGACAGCTTCTTGTAGTCGGGGATGTCGAACTCGTGGCCGTTCACGGTGCCCTCCATGCGCACCTTGAAG
EE26R,wt,EI,exon_exon,Reverse,58,208,TCG,GTCGGGGATGTCGAACTCGTGGC,ATCACGCGCTCCCACTTGAAGCCCTCGGGGAAGGACAGCTTCTTGTAGTCGGGGATGTCGAACTCGTGGCCGTTCACGGTGCCCTCCATGCGCACCTTGAAG
EE27,db,EI,exon_exon,Forward,43,202,CGA,GCCACGAGTTCGACTACAAGAAG,CTTCAAGGTGCGCATGGAGGGCACCGTGAACGGCCACGAGTTCGACTACAAGAAGCTGTCCTTCCCCGAGGGCTTCAAGTGGGAGCGCGTGAT
EE27,wt,EI,exon_exon,Forward,43,202,CGA,GCCACGAGTTCGACTACAAGAAG,CTTCAAGGTGCGCATGGAGGGCACCGTGAACGGCCACGAGTTCGACTACAAGAAGCTGTCCTTCCCCGAGGGCTTCAAGTGGGAGCGCGTGAT
EE27R,db,EI,exon_exon,Reverse,49,208,TCG,CTTCTTGTAGTCGAACTCGTGGC,ATCACGCGCTCCCACTTGAAGCCCTCGGGGAAGGACAGCTTCTTGTAGTCGAACTCGTGGCCGTTCACGGTGCCCTCCATGCGCACCTTGAAG
EE27R,wt,EI,exon_exon,Reverse,49,208,TCG,CTTCTTGTAGTCGAACTCGTGGC,ATCACGCGCTCCCACTTGAAGCCCTCGGGGAAGGACAGCTTCTTGTAGTCGAACTCGTGGCCGTTCACGGTGCCCTCCATGCGCACCTTGAAG
EE28,db,EI,exon_exon,Forward,43,226,CGAG,GCCACGAGTTCGAGGGCTTCAAGT,CTTCAAGGTGCGCATGGAGGGCACCGTGAACGGCCACGAGTTCGAGGGCTTCAAGTGGGAGCGCGTGAT
EE28,wt,EI,exon_exon,Forward,43,226,CGAG,GCCACGAGTTCGAGGGCTTCAAGT,CTTCAAGGTGCGCATGGAGGGCACCGTGAACGGCCACGAGTTCGAGGGCTTCAAGTGGGAGCGCGTGAT
EE28R,db,EI,exon_exon,Reverse,24,207,CTCG,ACTTGAAGCCCTCGAACTCGTGGC,ATCACGCGCTCCCACTTGAAGCCCTCGAACTCGTGGCCGTTCACGGTGCCCTCCATGCGCACCTTGAAG
EE28R,wt,EI,exon_exon,Reverse,24,207,CTCG,ACTTGAAGCCCTCGAACTCGTGGC,ATCACGCGCTCCCACTTGAAGCCCTCGAACTCGTGGCCGTTCACGGTGCCCTCCATGCGCACCTTGAAG
EE29,db,EI,exon_exon,Forward,45,210,AGA,CACGAGTTCGAGAAGCTGTCCTT,CTTCAAGGTGCGCATGGAGGGCACCGTGAACGGCCACGAGTTCGAGAAGCTGTCCTTCCCCGAGGGCTTCAAGTGGGAGCGCGTGAT
EE29,wt,EI,exon_exon,Forward,45,210,AGA,CACGAGTTCGAGAAGCTGTCCTT,CTTCAAGGTGCGCATGGAGGGCACCGTGAACGGCCACGAGTTCGAGAAGCTGTCCTTCCCCGAGGGCTTCAAGTGGGAGCGCGTGAT
EE29R,db,EI,exon_exon,Reverse,41,206,TCT,AAGGACAGCTTCTCGAACTCGTG,ATCACGCGCTCCCACTTGAAGCCCTCGGGGAAGGACAGCTTCTCGAACTCGTGGCCGTTCACGGTGCCCTCCATGCGCACCTTGAAG
EE29R,wt,EI,exon_exon,Reverse,41,206,TCT,AAGGACAGCTTCTCGAACTCGTG,ATCACGCGCTCCCACTTGAAGCCCTCGGGGAAGGACAGCTTCTCGAACTCGTGGCCGTTCACGGTGCCCTCCATGCGCACCTTGAAG
EE30,db,EI,exon_exon,Forward,47,140,ATC,CGAGTTCGAGATCCTGTCCCCCC,CTTCAAGGTGCGCATGGAGGGCACCGTGAACGGCCACGAGTTCGAGATCCTGTCCCCCCAGTTCCAGTACGGCTCCAAGGTGTACGTGAAGCACCCCGCCGACATCCCCGACTACAAGAAGCTGTCCTTCCCCGAGGGCTTCAAGTGGGAGCGCGTGAT
EE30,wt,EI,exon_exon,Forward,47,140,ATC,CGAGTTCGAGATCCTGTCCCCCC,CTTCAAGGTGCGCATGGAGGGCACCGTGAACGGCCACGAGTTCGAGATCCTGTCCCCCCAGTTCCAGTACGGCTCCAAGGTGTACGTGAAGCACCCCGCCGACATCCCCGACTACAAGAAGCTGTCCTTCCCCGAGGGCTTCAAGTGGGAGCGCGTGAT
EE30R,db,EI,exon_exon,Reverse,111,204,GAT,GGGGGGACAGGATCTCGAACTCG,ATCACGCGCTCCCACTTGAAGCCCTCGGGGAAGGACAGCTTCTTGTAGTCGGGGATGTCGGCGGGGTGCTTCACGTACACCTTGGAGCCGTACTGGAACTGGGGGGACAGGATCTCGAACTCGTGGCCGTTCACGGTGCCCTCCATGCGCACCTTGAAG
EE30R,wt,EI,exon_exon,Reverse,111,204,GAT,GGGGGGACAGGATCTCGAACTCG,ATCACGCGCTCCCACTTGAAGCCCTCGGGGAAGGACAGCTTCTTGTAGTCGGGGATGTCGGCGGGGTGCTTCACGTACACCTTGGAGCCGTACTGGAACTGGGGGGACAGGATCTCGAACTCGTGGCCGTTCACGGTGCCCTCCATGCGCACCTTGAAG
EE31,db,EI,exon_exon,Forward,47,197,ATC,CGAGTTCGAGATCCCCGACTACA,CTTCAAGGTGCGCATGGAGGGCACCGTGAACGGCCACGAGTTCGAGATCCCCGACTACAAGAAGCTGTCCTTCCCCGAGGGCTTCAAGTGGGAGCGCGTGAT
EE31,wt,EI,exon_exon,Forward,47,197,ATC,CGAGTTCGAGATCCCCGACTACA,CTTCAAGGTGCGCATGGAGGGCACCGTGAACGGCCACGAGTTCGAGATCCCCGACTACAAGAAGCTGTCCTTCCCCGAGGGCTTCAAGTGGGAGCGCGTGAT
EE31R,db,EI,exon_exon,Reverse,54,204,GAT,TGTAGTCGGGGATCTCGAACTCG,ATCACGCGCTCCCACTTGAAGCCCTCGGGGAAGGACAGCTTCTTGTAGTCGGGGATCTCGAACTCGTGGCCGTTCACGGTGCCCTCCATGCGCACCTTGAAG
EE31R,wt,EI,exon_exon,Reverse,54,204,GAT,TGTAGTCGGGGATCTCGAACTCG,ATCACGCGCTCCCACTTGAAGCCCTCGGGGAAGGACAGCTTCTTGTAGTCGGGGATCTCGAACTCGTGGCCGTTCACGGTGCCCTCCATGCGCACCTTGAAG
EE32,db,EI,exon_exon,Forward,49,193,CGA,AGTTCGAGATCGACATCCCCGAC,CTTCAAGGTGCGCATGGAGGGCACCGTGAACGGCCACGAGTTCGAGATCGACATCCCCGACTACAAGAAGCTGTCCTTCCCCGAGGGCTTCAAGTGGGAGCGCGTGAT
EE32,wt,EI,exon_exon,Forward,49,193,CGA,AGTTCGAGATCGACATCCCCGAC,CTTCAAGGTGCGCATGGAGGGCACCGTGAACGGCCACGAGTTCGAGATCGACATCCCCGACTACAAGAAGCTGTCCTTCCCCGAGGGCTTCAAGTGGGAGCGCGTGAT
EE32R,db,EI,exon_exon,Reverse,58,202,TCG,GTCGGGGATGTCGATCTCGAACT,ATCACGCGCTCCCACTTGAAGCCCTCGGGGAAGGACAGCTTCTTGTAGTCGGGGATGTCGATCTCGAACTCGTGGCCGTTCACGGTGCCCTCCATGCGCACCTTGAAG
EE32R,wt,EI,exon_exon,Reverse,58,202,TCG,GTCGGGGATGTCGATCTCGAACT,ATCACGCGCTCCCACTTGAAGCCCTCGGGGAAGGACAGCTTCTTGTAGTCGGGGATGTCGATCTCGAACTCGTGGCCGTTCACGGTGCCCTCCATGCGCACCTTGAAG
EE33,db,EI,exon_exon,Forward,49,202,CGA,AGTTCGAGATCGACTACAAGAAG,CTTCAAGGTGCGCATGGAGGGCACCGTGAACGGCCACGAGTTCGAGATCGACTACAAGAAGCTGTCCTTCCCCGAGGGCTTCAAGTGGGAGCGCGTGAT
EE33,wt,EI,exon_exon,Forward,49,202,CGA,AGTTCGAGATCGACTACAAGAAG,CTTCAAGGTGCGCATGGAGGGCACCGTGAACGGCCACGAGTTCGAGATCGACTACAAGAAGCTGTCCTTCCCCGAGGGCTTCAAGTGGGAGCGCGTGAT
EE33R,db,EI,exon_exon,Reverse,49,202,TCG,CTTCTTGTAGTCGATCTCGAACT,ATCACGCGCTCCCACTTGAAGCCCTCGGGGAAGGACAGCTTCTTGTAGTCGATCTCGAACTCGTGGCCGTTCACGGTGCCCTCCATGCGCACCTTGAAG
EE33R,wt,EI,exon_exon,Reverse,49,202,TCG,CTTCTTGTAGTCGATCTCGAACT,ATCACGCGCTCCCACTTGAAGCCCTCGGGGAAGGACAGCTTCTTGTAGTCGATCTCGAACTCGTGGCCGTTCACGGTGCCCTCCATGCGCACCTTGAAG
EE34,db,EI,exon_exon,Forward,51,171,AGG,TTCGAGATCGAGGTGTACGTGAA,CTTCAAGGTGCGCATGGAGGGCACCGTGAACGGCCACGAGTTCGAGATCGAGGTGTACGTGAAGCACCCCGCCGACATCCCCGACTACAAGAAGCTGTCCTTCCCCGAGGGCTTCAAGTGGGAGCGCGTGAT
EE34,wt,EI,exon_exon,Forward,51,171,AGG,TTCGAGATCGAGGTGTACGTGAA,CTTCAAGGTGCGCATGGAGGGCACCGTGAACGGCCACGAGTTCGAGATCGAGGTGTACGTGAAGCACCCCGCCGACATCCCCGACTACAAGAAGCTGTCCTTCCCCGAGGGCTTCAAGTGGGAGCGCGTGAT
EE34R,db,EI,exon_exon,Reverse,80,200,CCT,TTCACGTACACCTCGATCTCGAA,ATCACGCGCTCCCACTTGAAGCCCTCGGGGAAGGACAGCTTCTTGTAGTCGGGGATGTCGGCGGGGTGCTTCACGTACACCTCGATCTCGAACTCGTGGCCGTTCACGGTGCCCTCCATGCGCACCTTGAAG
EE34R,wt,EI,exon_exon,Reverse,80,200,CCT,TTCACGTACACCTCGATCTCGAA,ATCACGCGCTCCCACTTGAAGCCCTCGGGGAAGGACAGCTTCTTGTAGTCGGGGATGTCGGCGGGGTGCTTCACGTACACCTCGATCTCGAACTCGTGGCCGTTCACGGTGCCCTCCATGCGCACCTTGAAG
EE35,db,EI,exon_exon,Forward,52,135,GGG,TCGAGATCGAGGGACATCCTGTC,CTTCAAGGTGCGCATGGAGGGCACCGTGAACGGCCACGAGTTCGAGATCGAGGGACATCCTGTCCCCCCAGTTCCAGTACGGCTCCAAGGTGTACGTGAAGCACCCCGCCGACATCCCCGACTACAAGAAGCTGTCCTTCCCCGAGGGCTTCAAGTGGGAGCGCGTGAT
EE35,wt,EI,exon_exon,Forward,52,135,GGG,TCGAGATCGAGGGACATCCTGTC,CTTCAAGGTGCGCATGGAGGGCACCGTGAACGGCCACGAGTTCGAGATCGAGGGACATCCTGTCCCCCCAGTTCCAGTACGGCTCCAAGGTGTACGTGAAGCACCCCGCCGACATCCCCGACTACAAGAAGCTGTCCTTCCCCGAGGGCTTCAAGTGGGAGCGCGTGAT
EE35R,db,EI,exon_exon,Reverse,116,199,CCC,GACAGGATGTCCCTCGATCTCGA,ATCACGCGCTCCCACTTGAAGCCCTCGGGGAAGGACAGCTTCTTGTAGTCGGGGATGTCGGCGGGGTGCTTCACGTACACCTTGGAGCCGTACTGGAACTGGGGGGACAGGATGTCCCTCGATCTCGAACTCGTGGCCGTTCACGGTGCCCTCCATGCGCACCTTGAAG
EE35R,wt,EI,exon_exon,Reverse,116,199,CCC,GACAGGATGTCCCTCGATCTCGA,ATCACGCGCTCCCACTTGAAGCCCTCGGGGAAGGACAGCTTCTTGTAGTCGGGGATGTCGGCGGGGTGCTTCACGTACACCTTGGAGCCGTACTGGAACTGGGGGGACAGGATGTCCCTCGATCTCGAACTCGTGGCCGTTCACGGTGCCCTCCATGCGCACCTTGAAG
EE36,db,EI,exon_exon,Forward,53,164,GGC,CGAGATCGAGGGCTCCAAGGTGT,CTTCAAGGTGCGCATGGAGGGCACCGTGAACGGCCACGAGTTCGAGATCGAGGGCTCCAAGGTGTACGTGAAGCACCCCGCCGACATCCCCGACTACAAGAAGCTGTCCTTCCCCGAGGGCTTCAAGTGGGAGCGCGTGAT
EE36,wt,EI,exon_exon,Forward,53,164,GGC,CGAGATCGAGGGCTCCAAGGTGT,CTTCAAGGTGCGCATGGAGGGCACCGTGAACGGCCACGAGTTCGAGATCGAGGGCTCCAAGGTGTACGTGAAGCACCCCGCCGACATCCCCGACTACAAGAAGCTGTCCTTCCCCGAGGGCTTCAAGTGGGAGCGCGTGAT
EE36R,db,EI,exon_exon,Reverse,87,198,GCC,ACACCTTGGAGCCCTCGATCTCG,ATCACGCGCTCCCACTTGAAGCCCTCGGGGAAGGACAGCTTCTTGTAGTCGGGGATGTCGGCGGGGTGCTTCACGTACACCTTGGAGCCCTCGATCTCGAACTCGTGGCCGTTCACGGTGCCCTCCATGCGCACCTTGAAG
EE36R,wt,EI,exon_exon,Reverse,87,198,GCC,ACACCTTGGAGCCCTCGATCTCG,ATCACGCGCTCCCACTTGAAGCCCTCGGGGAAGGACAGCTTCTTGTAGTCGGGGATGTCGGCGGGGTGCTTCACGTACACCTTGGAGCCCTCGATCTCGAACTCGTGGCCGTTCACGGTGCCCTCCATGCGCACCTTGAAG
EE37,db,EI,exon_exon,Forward,49,226,CGAGGGC,AGTTCGAGATCGAGGGCTTCAAGTGGG,CTTCAAGGTGCGCATGGAGGGCACCGTGAACGGCCACGAGTTCGAGATCGAGGGCTTCAAGTGGGAGCGCGTGAT
EE37,wt,EI,exon_exon,Forward,49,226,CGAGGGC,AGTTCGAGATCGAGGGCTTCAAGTGGG,CTTCAAGGTGCGCATGGAGGGCACCGTGAACGGCCACGAGTTCGAGATCGAGGGCTTCAAGTGGGAGCGCGTGAT
EE37R,db,EI,exon_exon,Reverse,21,198,GCCCTCG,CCCACTTGAAGCCCTCGATCTCGAACT,ATCACGCGCTCCCACTTGAAGCCCTCGATCTCGAACTCGTGGCCGTTCACGGTGCCCTCCATGCGCACCTTGAAG
EE37R,wt,EI,exon_exon,Reverse,21,198,GCCCTCG,CCCACTTGAAGCCCTCGATCTCGAACT,ATCACGCGCTCCCACTTGAAGCCCTCGATCTCGAACTCGTGGCCGTTCACGGTGCCCTCCATGCGCACCTTGAAG
EE38,db,EI,exon_exon,Forward,55,193,CGA,AGATCGAGGGCGACATCCCCGAC,CTTCAAGGTGCGCATGGAGGGCACCGTGAACGGCCACGAGTTCGAGATCGAGGGCGACATCCCCGACTACAAGAAGCTGTCCTTCCCCGAGGGCTTCAAGTGGGAGCGCGTGAT
EE38,wt,EI,exon_exon,Forward,55,193,CGA,AGATCGAGGGCGACATCCCCGAC,CTTCAAGGTGCGCATGGAGGGCACCGTGAACGGCCACGAGTTCGAGATCGAGGGCGACATCCCCGACTACAAGAAGCTGTCCTTCCCCGAGGGCTTCAAGTGGGAGCGCGTGAT
EE38R,db,EI,exon_exon,Reverse,58,196,TCG,GTCGGGGATGTCGCCCTCGATCT,ATCACGCGCTCCCACTTGAAGCCCTCGGGGAAGGACAGCTTCTTGTAGTCGGGGATGTCGCCCTCGATCTCGAACTCGTGGCCGTTCACGGTGCCCTCCATGCGCACCTTGAAG
EE38R,wt,EI,exon_exon,Reverse,58,196,TCG,GTCGGGGATGTCGCCCTCGATCT,ATCACGCGCTCCCACTTGAAGCCCTCGGGGAAGGACAGCTTCTTGTAGTCGGGGATGTCGCCCTCGATCTCGAACTCGTGGCCGTTCACGGTGCCCTCCATGCGCACCTTGAAG
EE39,db,EI,exon_exon,Forward,55,202,CGA,AGATCGAGGGCGACTACAAGAAG,CTTCAAGGTGCGCATGGAGGGCACCGTGAACGGCCACGAGTTCGAGATCGAGGGCGACTACAAGAAGCTGTCCTTCCCCGAGGGCTTCAAGTGGGAGCGCGTGAT
EE39,wt,EI,exon_exon,Forward,55,202,CGA,AGATCGAGGGCGACTACAAGAAG,CTTCAAGGTGCGCATGGAGGGCACCGTGAACGGCCACGAGTTCGAGATCGAGGGCGACTACAAGAAGCTGTCCTTCCCCGAGGGCTTCAAGTGGGAGCGCGTGAT
EE39R,db,EI,exon_exon,Reverse,49,196,TCG,CTTCTTGTAGTCGCCCTCGATCT,ATCACGCGCTCCCACTTGAAGCCCTCGGGGAAGGACAGCTTCTTGTAGTCGCCCTCGATCTCGAACTCGTGGCCGTTCACGGTGCCCTCCATGCGCACCTTGAAG
EE39R,wt,EI,exon_exon,Reverse,49,196,TCG,CTTCTTGTAGTCGCCCTCGATCT,ATCACGCGCTCCCACTTGAAGCCCTCGGGGAAGGACAGCTTCTTGTAGTCGCCCTCGATCTCGAACTCGTGGCCGTTCACGGTGCCCTCCATGCGCACCTTGAAG
EE40,db,EI,exon_exon,Forward,57,171,AGG,ATCGAGGGCGAGGTGTACGTGAA,CTTCAAGGTGCGCATGGAGGGCACCGTGAACGGCCACGAGTTCGAGATCGAGGGCGAGGTGTACGTGAAGCACCCCGCCGACATCCCCGACTACAAGAAGCTGTCCTTCCCCGAGGGCTTCAAGTGGGAGCGCGTGAT
EE40,wt,EI,exon_exon,Forward,57,171,AGG,ATCGAGGGCGAGGTGTACGTGAA,CTTCAAGGTGCGCATGGAGGGCACCGTGAACGGCCACGAGTTCGAGATCGAGGGCGAGGTGTACGTGAAGCACCCCGCCGACATCCCCGACTACAAGAAGCTGTCCTTCCCCGAGGGCTTCAAGTGGGAGCGCGTGAT
EE40R,db,EI,exon_exon,Reverse,80,194,CCT,TTCACGTACACCTCGCCCTCGAT,ATCACGCGCTCCCACTTGAAGCCCTCGGGGAAGGACAGCTTCTTGTAGTCGGGGATGTCGGCGGGGTGCTTCACGTACACCTCGCCCTCGATCTCGAACTCGTGGCCGTTCACGGTGCCCTCCATGCGCACCTTGAAG
EE40R,wt,EI,exon_exon,Reverse,80,194,CCT,TTCACGTACACCTCGCCCTCGAT,ATCACGCGCTCCCACTTGAAGCCCTCGGGGAAGGACAGCTTCTTGTAGTCGGGGATGTCGGCGGGGTGCTTCACGTACACCTCGCCCTCGATCTCGAACTCGTGGCCGTTCACGGTGCCCTCCATGCGCACCTTGAAG
EE41,db,EI,exon_exon,Forward,58,135,GGG,TCGAGGGCGAGGGACATCCTGTC,CTTCAAGGTGCGCATGGAGGGCACCGTGAACGGCCACGAGTTCGAGATCGAGGGCGAGGGACATCCTGTCCCCCCAGTTCCAGTACGGCTCCAAGGTGTACGTGAAGCACCCCGCCGACATCCCCGACTACAAGAAGCTGTCCTTCCCCGAGGGCTTCAAGTGGGAGCGCGTGAT
EE41,wt,EI,exon_exon,Forward,58,135,GGG,TCGAGGGCGAGGGACATCCTGTC,CTTCAAGGTGCGCATGGAGGGCACCGTGAACGGCCACGAGTTCGAGATCGAGGGCGAGGGACATCCTGTCCCCCCAGTTCCAGTACGGCTCCAAGGTGTACGTGAAGCACCCCGCCGACATCCCCGACTACAAGAAGCTGTCCTTCCCCGAGGGCTTCAAGTGGGAGCGCGTGAT
EE41R,db,EI,exon_exon,Reverse,116,193,CCC,GACAGGATGTCCCTCGCCCTCGA,ATCACGCGCTCCCACTTGAAGCCCTCGGGGAAGGACAGCTTCTTGTAGTCGGGGATGTCGGCGGGGTGCTTCACGTACACCTTGGAGCCGTACTGGAACTGGGGGGACAGGATGTCCCTCGCCCTCGATCTCGAACTCGTGGCCGTTCACGGTGCCCTCCATGCGCACCTTGAAG
EE41R,wt,EI,exon_exon,Reverse,116,193,CCC,GACAGGATGTCCCTCGCCCTCGA,ATCACGCGCTCCCACTTGAAGCCCTCGGGGAAGGACAGCTTCTTGTAGTCGGGGATGTCGGCGGGGTGCTTCACGTACACCTTGGAGCCGTACTGGAACTGGGGGGACAGGATGTCCCTCGCCCTCGATCTCGAACTCGTGGCCGTTCACGGTGCCCTCCATGCGCACCTTGAAG
EE42,db,EI,exon_exon,Forward,59,164,GGC,CGAGGGCGAGGGCTCCAAGGTGT,CTTCAAGGTGCGCATGGAGGGCACCGTGAACGGCCACGAGTTCGAGATCGAGGGCGAGGGCTCCAAGGTGTACGTGAAGCACCCCGCCGACATCCCCGACTACAAGAAGCTGTCCTTCCCCGAGGGCTTCAAGTGGGAGCGCGTGAT
EE42,wt,EI,exon_exon,Forward,59,164,GGC,CGAGGGCGAGGGCTCCAAGGTGT,CTTCAAGGTGCGCATGGAGGGCACCGTGAACGGCCACGAGTTCGAGATCGAGGGCGAGGGCTCCAAGGTGTACGTGAAGCACCCCGCCGACATCCCCGACTACAAGAAGCTGTCCTTCCCCGAGGGCTTCAAGTGGGAGCGCGTGAT
EE42R,db,EI,exon_exon,Reverse,87,192,GCC,ACACCTTGGAGCCCTCGCCCTCG,ATCACGCGCTCCCACTTGAAGCCCTCGGGGAAGGACAGCTTCTTGTAGTCGGGGATGTCGGCGGGGTGCTTCACGTACACCTTGGAGCCCTCGCCCTCGATCTCGAACTCGTGGCCGTTCACGGTGCCCTCCATGCGCACCTTGAAG
EE42R,wt,EI,exon_exon,Reverse,87,192,GCC,ACACCTTGGAGCCCTCGCCCTCG,ATCACGCGCTCCCACTTGAAGCCCTCGGGGAAGGACAGCTTCTTGTAGTCGGGGATGTCGGCGGGGTGCTTCACGTACACCTTGGAGCCCTCGCCCTCGATCTCGAACTCGTGGCCGTTCACGGTGCCCTCCATGCGCACCTTGAAG
EE43,db,EI,exon_exon,Forward,55,226,CGAGGGC,AGATCGAGGGCGAGGGCTTCAAGTGGG,CTTCAAGGTGCGCATGGAGGGCACCGTGAACGGCCACGAGTTCGAGATCGAGGGCGAGGGCTTCAAGTGGGAGCGCGTGAT
EE43,wt,EI,exon_exon,Forward,55,226,CGAGGGC,AGATCGAGGGCGAGGGCTTCAAGTGGG,CTTCAAGGTGCGCATGGAGGGCACCGTGAACGGCCACGAGTTCGAGATCGAGGGCGAGGGCTTCAAGTGGGAGCGCGTGAT
EE43R,db,EI,exon_exon,Reverse,21,192,GCCCTCG,CCCACTTGAAGCCCTCGCCCTCGATCT,ATCACGCGCTCCCACTTGAAGCCCTCGCCCTCGATCTCGAACTCGTGGCCGTTCACGGTGCCCTCCATGCGCACCTTGAAG
EE43R,wt,EI,exon_exon,Reverse,21,192,GCCCTCG,CCCACTTGAAGCCCTCGCCCTCGATCT,ATCACGCGCTCCCACTTGAAGCCCTCGCCCTCGATCTCGAACTCGTGGCCGTTCACGGTGCCCTCCATGCGCACCTTGAAG
EE44,db,EI,exon_exon,Forward,61,193,CGA,AGGGCGAGGGCGACATCCCCGAC,CTTCAAGGTGCGCATGGAGGGCACCGTGAACGGCCACGAGTTCGAGATCGAGGGCGAGGGCGACATCCCCGACTACAAGAAGCTGTCCTTCCCCGAGGGCTTCAAGTGGGAGCGCGTGAT
EE44,wt,EI,exon_exon,Forward,61,193,CGA,AGGGCGAGGGCGACATCCCCGAC,CTTCAAGGTGCGCATGGAGGGCACCGTGAACGGCCACGAGTTCGAGATCGAGGGCGAGGGCGACATCCCCGACTACAAGAAGCTGTCCTTCCCCGAGGGCTTCAAGTGGGAGCGCGTGAT
EE44R,db,EI,exon_exon,Reverse,58,190,TCG,GTCGGGGATGTCGCCCTCGCCCT,ATCACGCGCTCCCACTTGAAGCCCTCGGGGAAGGACAGCTTCTTGTAGTCGGGGATGTCGCCCTCGCCCTCGATCTCGAACTCGTGGCCGTTCACGGTGCCCTCCATGCGCACCTTGAAG
EE44R,wt,EI,exon_exon,Reverse,58,190,TCG,GTCGGGGATGTCGCCCTCGCCCT,ATCACGCGCTCCCACTTGAAGCCCTCGGGGAAGGACAGCTTCTTGTAGTCGGGGATGTCGCCCTCGCCCTCGATCTCGAACTCGTGGCCGTTCACGGTGCCCTCCATGCGCACCTTGAAG
EE45,db,EI,exon_exon,Forward,61,202,CGA,AGGGCGAGGGCGACTACAAGAAG,CTTCAAGGTGCGCATGGAGGGCACCGTGAACGGCCACGAGTTCGAGATCGAGGGCGAGGGCGACTACAAGAAGCTGTCCTTCCCCGAGGGCTTCAAGTGGGAGCGCGTGAT
EE45,wt,EI,exon_exon,Forward,61,202,CGA,AGGGCGAGGGCGACTACAAGAAG,CTTCAAGGTGCGCATGGAGGGCACCGTGAACGGCCACGAGTTCGAGATCGAGGGCGAGGGCGACTACAAGAAGCTGTCCTTCCCCGAGGGCTTCAAGTGGGAGCGCGTGAT
EE45R,db,EI,exon_exon,Reverse,49,190,TCG,CTTCTTGTAGTCGCCCTCGCCCT,ATCACGCGCTCCCACTTGAAGCCCTCGGGGAAGGACAGCTTCTTGTAGTCGCCCTCGCCCTCGATCTCGAACTCGTGGCCGTTCACGGTGCCCTCCATGCGCACCTTGAAG
EE45R,wt,EI,exon_exon,Reverse,49,190,TCG,CTTCTTGTAGTCGCCCTCGCCCT,ATCACGCGCTCCCACTTGAAGCCCTCGGGGAAGGACAGCTTCTTGTAGTCGCCCTCGCCCTCGATCTCGAACTCGTGGCCGTTCACGGTGCCCTCCATGCGCACCTTGAAG
EE46,db,EI,exon_exon,Forward,63,171,AGG,GGCGAGGGCGAGGTGTACGTGAA,CTTCAAGGTGCGCATGGAGGGCACCGTGAACGGCCACGAGTTCGAGATCGAGGGCGAGGGCGAGGTGTACGTGAAGCACCCCGCCGACATCCCCGACTACAAGAAGCTGTCCTTCCCCGAGGGCTTCAAGTGGGAGCGCGTGAT
EE46,wt,EI,exon_exon,Forward,63,171,AGG,GGCGAGGGCGAGGTGTACGTGAA,CTTCAAGGTGCGCATGGAGGGCACCGTGAACGGCCACGAGTTCGAGATCGAGGGCGAGGGCGAGGTGTACGTGAAGCACCCCGCCGACATCCCCGACTACAAGAAGCTGTCCTTCCCCGAGGGCTTCAAGTGGGAGCGCGTGAT
EE46R,db,EI,exon_exon,Reverse,80,188,CCT,TTCACGTACACCTCGCCCTCGCC,ATCACGCGCTCCCACTTGAAGCCCTCGGGGAAGGACAGCTTCTTGTAGTCGGGGATGTCGGCGGGGTGCTTCACGTACACCTCGCCCTCGCCCTCGATCTCGAACTCGTGGCCGTTCACGGTGCCCTCCATGCGCACCTTGAAG
EE46R,wt,EI,exon_exon,Reverse,80,188,CCT,TTCACGTACACCTCGCCCTCGCC,ATCACGCGCTCCCACTTGAAGCCCTCGGGGAAGGACAGCTTCTTGTAGTCGGGGATGTCGGCGGGGTGCTTCACGTACACCTCGCCCTCGCCCTCGATCTCGAACTCGTGGCCGTTCACGGTGCCCTCCATGCGCACCTTGAAG
EE47,db,EI,exon_exon,Forward,64,135,GGG,GCGAGGGCGAGGGACATCCTGTC,CTTCAAGGTGCGCATGGAGGGCACCGTGAACGGCCACGAGTTCGAGATCGAGGGCGAGGGCGAGGGACATCCTGTCCCCCCAGTTCCAGTACGGCTCCAAGGTGTACGTGAAGCACCCCGCCGACATCCCCGACTACAAGAAGCTGTCCTTCCCCGAGGGCTTCAAGTGGGAGCGCGTGAT
EE47,wt,EI,exon_exon,Forward,64,135,GGG,GCGAGGGCGAGGGACATCCTGTC,CTTCAAGGTGCGCATGGAGGGCACCGTGAACGGCCACGAGTTCGAGATCGAGGGCGAGGGCGAGGGACATCCTGTCCCCCCAGTTCCAGTACGGCTCCAAGGTGTACGTGAAGCACCCCGCCGACATCCCCGACTACAAGAAGCTGTCCTTCCCCGAGGGCTTCAAGTGGGAGCGCGTGAT
EE47R,db,EI,exon_exon,Reverse,116,187,CCC,GACAGGATGTCCCTCGCCCTCGC,ATCACGCGCTCCCACTTGAAGCCCTCGGGGAAGGACAGCTTCTTGTAGTCGGGGATGTCGGCGGGGTGCTTCACGTACACCTTGGAGCCGTACTGGAACTGGGGGGACAGGATGTCCCTCGCCCTCGCCCTCGATCTCGAACTCGTGGCCGTTCACGGTGCCCTCCATGCGCACCTTGAAG
EE47R,wt,EI,exon_exon,Reverse,116,187,CCC,GACAGGATGTCCCTCGCCCTCGC,ATCACGCGCTCCCACTTGAAGCCCTCGGGGAAGGACAGCTTCTTGTAGTCGGGGATGTCGGCGGGGTGCTTCACGTACACCTTGGAGCCGTACTGGAACTGGGGGGACAGGATGTCCCTCGCCCTCGCCCTCGATCTCGAACTCGTGGCCGTTCACGGTGCCCTCCATGCGCACCTTGAAG
EE48,db,EI,exon_exon,Forward,65,164,GGC,CGAGGGCGAGGGCTCCAAGGTGT,CTTCAAGGTGCGCATGGAGGGCACCGTGAACGGCCACGAGTTCGAGATCGAGGGCGAGGGCGAGGGCTCCAAGGTGTACGTGAAGCACCCCGCCGACATCCCCGACTACAAGAAGCTGTCCTTCCCCGAGGGCTTCAAGTGGGAGCGCGTGAT
EE48,wt,EI,exon_exon,Forward,65,164,GGC,CGAGGGCGAGGGCTCCAAGGTGT,CTTCAAGGTGCGCATGGAGGGCACCGTGAACGGCCACGAGTTCGAGATCGAGGGCGAGGGCGAGGGCTCCAAGGTGTACGTGAAGCACCCCGCCGACATCCCCGACTACAAGAAGCTGTCCTTCCCCGAGGGCTTCAAGTGGGAGCGCGTGAT
EE48R,db,EI,exon_exon,Reverse,87,186,GCC,ACACCTTGGAGCCCTCGCCCTCG,ATCACGCGCTCCCACTTGAAGCCCTCGGGGAAGGACAGCTTCTTGTAGTCGGGGATGTCGGCGGGGTGCTTCACGTACACCTTGGAGCCCTCGCCCTCGCCCTCGATCTCGAACTCGTGGCCGTTCACGGTGCCCTCCATGCGCACCTTGAAG
EE48R,wt,EI,exon_exon,Reverse,87,186,GCC,ACACCTTGGAGCCCTCGCCCTCG,ATCACGCGCTCCCACTTGAAGCCCTCGGGGAAGGACAGCTTCTTGTAGTCGGGGATGTCGGCGGGGTGCTTCACGTACACCTTGGAGCCCTCGCCCTCGCCCTCGATCTCGAACTCGTGGCCGTTCACGGTGCCCTCCATGCGCACCTTGAAG
EE49,db,EI,exon_exon,Forward,61,226,CGAGGGC,AGGGCGAGGGCGAGGGCTTCAAGTGGG,CTTCAAGGTGCGCATGGAGGGCACCGTGAACGGCCACGAGTTCGAGATCGAGGGCGAGGGCGAGGGCTTCAAGTGGGAGCGCGTGAT
EE49,wt,EI,exon_exon,Forward,61,226,CGAGGGC,AGGGCGAGGGCGAGGGCTTCAAGTGGG,CTTCAAGGTGCGCATGGAGGGCACCGTGAACGGCCACGAGTTCGAGATCGAGGGCGAGGGCGAGGGCTTCAAGTGGGAGCGCGTGAT
EE49R,db,EI,exon_exon,Reverse,21,186,GCCCTCG,CCCACTTGAAGCCCTCGCCCTCGCCCT,ATCACGCGCTCCCACTTGAAGCCCTCGCCCTCGCCCTCGATCTCGAACTCGTGGCCGTTCACGGTGCCCTCCATGCGCACCTTGAAG
EE49R,wt,EI,exon_exon,Reverse,21,186,GCCCTCG,CCCACTTGAAGCCCTCGCCCTCGCCCT,ATCACGCGCTCCCACTTGAAGCCCTCGCCCTCGCCCTCGATCTCGAACTCGTGGCCGTTCACGGTGCCCTCCATGCGCACCTTGAAG
EE50,db,EI,exon_exon,Forward,66,131,GCC,GAGGGCGAGGGCCTGGGACATCC,CTTCAAGGTGCGCATGGAGGGCACCGTGAACGGCCACGAGTTCGAGATCGAGGGCGAGGGCGAGGGCCTGGGACATCCTGTCCCCCCAGTTCCAGTACGGCTCCAAGGTGTACGTGAAGCACCCCGCCGACATCCCCGACTACAAGAAGCTGTCCTTCCCCGAGGGCTTCAAGTGGGAGCGCGTGAT
EE50,wt,EI,exon_exon,Forward,66,131,GCC,GAGGGCGAGGGCCTGGGACATCC,CTTCAAGGTGCGCATGGAGGGCACCGTGAACGGCCACGAGTTCGAGATCGAGGGCGAGGGCGAGGGCCTGGGACATCCTGTCCCCCCAGTTCCAGTACGGCTCCAAGGTGTACGTGAAGCACCCCGCCGACATCCCCGACTACAAGAAGCTGTCCTTCCCCGAGGGCTTCAAGTGGGAGCGCGTGAT
EE50R,db,EI,exon_exon,Reverse,120,185,GGC,GGATGTCCCAGGCCCTCGCCCTC,ATCACGCGCTCCCACTTGAAGCCCTCGGGGAAGGACAGCTTCTTGTAGTCGGGGATGTCGGCGGGGTGCTTCACGTACACCTTGGAGCCGTACTGGAACTGGGGGGACAGGATGTCCCAGGCCCTCGCCCTCGCCCTCGATCTCGAACTCGTGGCCGTTCACGGTGCCCTCCATGCGCACCTTGAAG
EE50R,wt,EI,exon_exon,Reverse,120,185,GGC,GGATGTCCCAGGCCCTCGCCCTC,ATCACGCGCTCCCACTTGAAGCCCTCGGGGAAGGACAGCTTCTTGTAGTCGGGGATGTCGGCGGGGTGCTTCACGTACACCTTGGAGCCGTACTGGAACTGGGGGGACAGGATGTCCCAGGCCCTCGCCCTCGCCCTCGATCTCGAACTCGTGGCCGTTCACGGTGCCCTCCATGCGCACCTTGAAG
EE51,db,EI,exon_exon,Forward,66,191,GCCG,GAGGGCGAGGGCCGACATCCCCGA,CTTCAAGGTGCGCATGGAGGGCACCGTGAACGGCCACGAGTTCGAGATCGAGGGCGAGGGCGAGGGCCGACATCCCCGACTACAAGAAGCTGTCCTTCCCCGAGGGCTTCAAGTGGGAGCGCGTGAT
EE51,wt,EI,exon_exon,Forward,66,191,GCCG,GAGGGCGAGGGCCGACATCCCCGA,CTTCAAGGTGCGCATGGAGGGCACCGTGAACGGCCACGAGTTCGAGATCGAGGGCGAGGGCGAGGGCCGACATCCCCGACTACAAGAAGCTGTCCTTCCCCGAGGGCTTCAAGTGGGAGCGCGTGAT
EE51R,db,EI,exon_exon,Reverse,59,184,CGGC,TCGGGGATGTCGGCCCTCGCCCTC,ATCACGCGCTCCCACTTGAAGCCCTCGGGGAAGGACAGCTTCTTGTAGTCGGGGATGTCGGCCCTCGCCCTCGCCCTCGATCTCGAACTCGTGGCCGTTCACGGTGCCCTCCATGCGCACCTTGAAG
EE51R,wt,EI,exon_exon,Reverse,59,184,CGGC,TCGGGGATGTCGGCCCTCGCCCTC,ATCACGCGCTCCCACTTGAAGCCCTCGGGGAAGGACAGCTTCTTGTAGTCGGGGATGTCGGCCCTCGCCCTCGCCCTCGATCTCGAACTCGTGGCCGTTCACGGTGCCCTCCATGCGCACCTTGAAG
EE52,db,EI,exon_exon,Forward,67,201,CCG,AGGGCGAGGGCCGACTACAAGAA,CTTCAAGGTGCGCATGGAGGGCACCGTGAACGGCCACGAGTTCGAGATCGAGGGCGAGGGCGAGGGCCGACTACAAGAAGCTGTCCTTCCCCGAGGGCTTCAAGTGGGAGCGCGTGAT
EE52,wt,EI,exon_exon,Forward,67,201,CCG,AGGGCGAGGGCCGACTACAAGAA,CTTCAAGGTGCGCATGGAGGGCACCGTGAACGGCCACGAGTTCGAGATCGAGGGCGAGGGCGAGGGCCGACTACAAGAAGCTGTCCTTCCCCGAGGGCTTCAAGTGGGAGCGCGTGAT
EE52R,db,EI,exon_exon,Reverse,50,184,CGG,TTCTTGTAGTCGGCCCTCGCCCT,ATCACGCGCTCCCACTTGAAGCCCTCGGGGAAGGACAGCTTCTTGTAGTCGGCCCTCGCCCTCGCCCTCGATCTCGAACTCGTGGCCGTTCACGGTGCCCTCCATGCGCACCTTGAAG
EE52R,wt,EI,exon_exon,Reverse,50,184,CGG,TTCTTGTAGTCGGCCCTCGCCCT,ATCACGCGCTCCCACTTGAAGCCCTCGGGGAAGGACAGCTTCTTGTAGTCGGCCCTCGCCCTCGCCCTCGATCTCGAACTCGTGGCCGTTCACGGTGCCCTCCATGCGCACCTTGAAG
EE53,db,EI,exon_exon,Forward,67,225,CCG,AGGGCGAGGGCCGAGGGCTTCAA,CTTCAAGGTGCGCATGGAGGGCACCGTGAACGGCCACGAGTTCGAGATCGAGGGCGAGGGCGAGGGCCGAGGGCTTCAAGTGGGAGCGCGTGAT
EE53,wt,EI,exon_exon,Forward,67,225,CCG,AGGGCGAGGGCCGAGGGCTTCAA,CTTCAAGGTGCGCATGGAGGGCACCGTGAACGGCCACGAGTTCGAGATCGAGGGCGAGGGCGAGGGCCGAGGGCTTCAAGTGGGAGCGCGTGAT
EE53R,db,EI,exon_exon,Reverse,26,184,CGG,TTGAAGCCCTCGGCCCTCGCCCT,ATCACGCGCTCCCACTTGAAGCCCTCGGCCCTCGCCCTCGCCCTCGATCTCGAACTCGTGGCCGTTCACGGTGCCCTCCATGCGCACCTTGAAG
EE53R,wt,EI,exon_exon,Reverse,26,184,CGG,TTGAAGCCCTCGGCCCTCGCCCT,ATCACGCGCTCCCACTTGAAGCCCTCGGCCCTCGCCCTCGCCCTCGATCTCGAACTCGTGGCCGTTCACGGTGCCCTCCATGCGCACCTTGAAG
EE54,db,EI,exon_exon,Forward,69,131,GCC,GGCGAGGGCCGCCTGGGACATCC,CTTCAAGGTGCGCATGGAGGGCACCGTGAACGGCCACGAGTTCGAGATCGAGGGCGAGGGCGAGGGCCGCCTGGGACATCCTGTCCCCCCAGTTCCAGTACGGCTCCAAGGTGTACGTGAAGCACCCCGCCGACATCCCCGACTACAAGAAGCTGTCCTTCCCCGAGGGCTTCAAGTGGGAGCGCGTGAT
EE54,wt,EI,exon_exon,Forward,69,131,GCC,GGCGAGGGCCGCCTGGGACATCC,CTTCAAGGTGCGCATGGAGGGCACCGTGAACGGCCACGAGTTCGAGATCGAGGGCGAGGGCGAGGGCCGCCTGGGACATCCTGTCCCCCCAGTTCCAGTACGGCTCCAAGGTGTACGTGAAGCACCCCGCCGACATCCCCGACTACAAGAAGCTGTCCTTCCCCGAGGGCTTCAAGTGGGAGCGCGTGAT
EE54R,db,EI,exon_exon,Reverse,120,182,GGC,GGATGTCCCAGGCGGCCCTCGCC,ATCACGCGCTCCCACTTGAAGCCCTCGGGGAAGGACAGCTTCTTGTAGTCGGGGATGTCGGCGGGGTGCTTCACGTACACCTTGGAGCCGTACTGGAACTGGGGGGACAGGATGTCCCAGGCGGCCCTCGCCCTCGCCCTCGATCTCGAACTCGTGGCCGTTCACGGTGCCCTCCATGCGCACCTTGAAG
EE54R,wt,EI,exon_exon,Reverse,120,182,GGC,GGATGTCCCAGGCGGCCCTCGCC,ATCACGCGCTCCCACTTGAAGCCCTCGGGGAAGGACAGCTTCTTGTAGTCGGGGATGTCGGCGGGGTGCTTCACGTACACCTTGGAGCCGTACTGGAACTGGGGGGACAGGATGTCCCAGGCGGCCCTCGCCCTCGCCCTCGATCTCGAACTCGTGGCCGTTCACGGTGCCCTCCATGCGCACCTTGAAG
EE55,db,EI,exon_exon,Forward,67,189,CCGCC,AGGGCGAGGGCCGCCGACATCCCCG,CTTCAAGGTGCGCATGGAGGGCACCGTGAACGGCCACGAGTTCGAGATCGAGGGCGAGGGCGAGGGCCGCCGACATCCCCGACTACAAGAAGCTGTCCTTCCCCGAGGGCTTCAAGTGGGAGCGCGTGAT
EE55,wt,EI,exon_exon,Forward,67,189,CCGCC,AGGGCGAGGGCCGCCGACATCCCCG,CTTCAAGGTGCGCATGGAGGGCACCGTGAACGGCCACGAGTTCGAGATCGAGGGCGAGGGCGAGGGCCGCCGACATCCCCGACTACAAGAAGCTGTCCTTCCCCGAGGGCTTCAAGTGGGAGCGCGTGAT
EE55R,db,EI,exon_exon,Reverse,60,182,GGCGG,CGGGGATGTCGGCGGCCCTCGCCCT,ATCACGCGCTCCCACTTGAAGCCCTCGGGGAAGGACAGCTTCTTGTAGTCGGGGATGTCGGCGGCCCTCGCCCTCGCCCTCGATCTCGAACTCGTGGCCGTTCACGGTGCCCTCCATGCGCACCTTGAAG
EE55R,wt,EI,exon_exon,Reverse,60,182,GGCGG,CGGGGATGTCGGCGGCCCTCGCCCT,ATCACGCGCTCCCACTTGAAGCCCTCGGGGAAGGACAGCTTCTTGTAGTCGGGGATGTCGGCGGCCCTCGCCCTCGCCCTCGATCTCGAACTCGTGGCCGTTCACGGTGCCCTCCATGCGCACCTTGAAG
EE56,db,EI,exon_exon,Forward,70,147,CCC,GCGAGGGCCGCCCCCCAGTTCCA,CTTCAAGGTGCGCATGGAGGGCACCGTGAACGGCCACGAGTTCGAGATCGAGGGCGAGGGCGAGGGCCGCCCCCCAGTTCCAGTACGGCTCCAAGGTGTACGTGAAGCACCCCGCCGACATCCCCGACTACAAGAAGCTGTCCTTCCCCGAGGGCTTCAAGTGGGAGCGCGTGAT
EE56,wt,EI,exon_exon,Forward,70,147,CCC,GCGAGGGCCGCCCCCCAGTTCCA,CTTCAAGGTGCGCATGGAGGGCACCGTGAACGGCCACGAGTTCGAGATCGAGGGCGAGGGCGAGGGCCGCCCCCCAGTTCCAGTACGGCTCCAAGGTGTACGTGAAGCACCCCGCCGACATCCCCGACTACAAGAAGCTGTCCTTCCCCGAGGGCTTCAAGTGGGAGCGCGTGAT
EE56R,db,EI,exon_exon,Reverse,104,181,GGG,TGGAACTGGGGGGCGGCCCTCGC,ATCACGCGCTCCCACTTGAAGCCCTCGGGGAAGGACAGCTTCTTGTAGTCGGGGATGTCGGCGGGGTGCTTCACGTACACCTTGGAGCCGTACTGGAACTGGGGGGCGGCCCTCGCCCTCGCCCTCGATCTCGAACTCGTGGCCGTTCACGGTGCCCTCCATGCGCACCTTGAAG
EE56R,wt,EI,exon_exon,Reverse,104,181,GGG,TGGAACTGGGGGGCGGCCCTCGC,ATCACGCGCTCCCACTTGAAGCCCTCGGGGAAGGACAGCTTCTTGTAGTCGGGGATGTCGGCGGGGTGCTTCACGTACACCTTGGAGCCGTACTGGAACTGGGGGGCGGCCCTCGCCCTCGCCCTCGATCTCGAACTCGTGGCCGTTCACGGTGCCCTCCATGCGCACCTTGAAG
EE57,db,EI,exon_exon,Forward,70,148,CCC,GCGAGGGCCGCCCCCAGTTCCAG,CTTCAAGGTGCGCATGGAGGGCACCGTGAACGGCCACGAGTTCGAGATCGAGGGCGAGGGCGAGGGCCGCCCCCAGTTCCAGTACGGCTCCAAGGTGTACGTGAAGCACCCCGCCGACATCCCCGACTACAAGAAGCTGTCCTTCCCCGAGGGCTTCAAGTGGGAGCGCGTGAT
EE57,wt,EI,exon_exon,Forward,70,148,CCC,GCGAGGGCCGCCCCCAGTTCCAG,CTTCAAGGTGCGCATGGAGGGCACCGTGAACGGCCACGAGTTCGAGATCGAGGGCGAGGGCGAGGGCCGCCCCCAGTTCCAGTACGGCTCCAAGGTGTACGTGAAGCACCCCGCCGACATCCCCGACTACAAGAAGCTGTCCTTCCCCGAGGGCTTCAAGTGGGAGCGCGTGAT
EE57R,db,EI,exon_exon,Reverse,103,181,GGG,CTGGAACTGGGGGCGGCCCTCGC,ATCACGCGCTCCCACTTGAAGCCCTCGGGGAAGGACAGCTTCTTGTAGTCGGGGATGTCGGCGGGGTGCTTCACGTACACCTTGGAGCCGTACTGGAACTGGGGGCGGCCCTCGCCCTCGCCCTCGATCTCGAACTCGTGGCCGTTCACGGTGCCCTCCATGCGCACCTTGAAG
EE57R,wt,EI,exon_exon,Reverse,103,181,GGG,CTGGAACTGGGGGCGGCCCTCGC,ATCACGCGCTCCCACTTGAAGCCCTCGGGGAAGGACAGCTTCTTGTAGTCGGGGATGTCGGCGGGGTGCTTCACGTACACCTTGGAGCCGTACTGGAACTGGGGGCGGCCCTCGCCCTCGCCCTCGATCTCGAACTCGTGGCCGTTCACGGTGCCCTCCATGCGCACCTTGAAG
EE58,db,EI,exon_exon,Forward,70,149,CCC,GCGAGGGCCGCCCCAGTTCCAGT,CTTCAAGGTGCGCATGGAGGGCACCGTGAACGGCCACGAGTTCGAGATCGAGGGCGAGGGCGAGGGCCGCCCCAGTTCCAGTACGGCTCCAAGGTGTACGTGAAGCACCCCGCCGACATCCCCGACTACAAGAAGCTGTCCTTCCCCGAGGGCTTCAAGTGGGAGCGCGTGAT
EE58,wt,EI,exon_exon,Forward,70,149,CCC,GCGAGGGCCGCCCCAGTTCCAGT,CTTCAAGGTGCGCATGGAGGGCACCGTGAACGGCCACGAGTTCGAGATCGAGGGCGAGGGCGAGGGCCGCCCCAGTTCCAGTACGGCTCCAAGGTGTACGTGAAGCACCCCGCCGACATCCCCGACTACAAGAAGCTGTCCTTCCCCGAGGGCTTCAAGTGGGAGCGCGTGAT
EE58R,db,EI,exon_exon,Reverse,102,181,GGG,ACTGGAACTGGGGCGGCCCTCGC,ATCACGCGCTCCCACTTGAAGCCCTCGGGGAAGGACAGCTTCTTGTAGTCGGGGATGTCGGCGGGGTGCTTCACGTACACCTTGGAGCCGTACTGGAACTGGGGCGGCCCTCGCCCTCGCCCTCGATCTCGAACTCGTGGCCGTTCACGGTGCCCTCCATGCGCACCTTGAAG
EE58R,wt,EI,exon_exon,Reverse,102,181,GGG,ACTGGAACTGGGGCGGCCCTCGC,ATCACGCGCTCCCACTTGAAGCCCTCGGGGAAGGACAGCTTCTTGTAGTCGGGGATGTCGGCGGGGTGCTTCACGTACACCTTGGAGCCGTACTGGAACTGGGGCGGCCCTCGCCCTCGCCCTCGATCTCGAACTCGTGGCCGTTCACGGTGCCCTCCATGCGCACCTTGAAG
EE59,db,EI,exon_exon,Forward,70,150,CCC,GCGAGGGCCGCCCAGTTCCAGTA,CTTCAAGGTGCGCATGGAGGGCACCGTGAACGGCCACGAGTTCGAGATCGAGGGCGAGGGCGAGGGCCGCCCAGTTCCAGTACGGCTCCAAGGTGTACGTGAAGCACCCCGCCGACATCCCCGACTACAAGAAGCTGTCCTTCCCCGAGGGCTTCAAGTGGGAGCGCGTGAT
EE59,wt,EI,exon_exon,Forward,70,150,CCC,GCGAGGGCCGCCCAGTTCCAGTA,CTTCAAGGTGCGCATGGAGGGCACCGTGAACGGCCACGAGTTCGAGATCGAGGGCGAGGGCGAGGGCCGCCCAGTTCCAGTACGGCTCCAAGGTGTACGTGAAGCACCCCGCCGACATCCCCGACTACAAGAAGCTGTCCTTCCCCGAGGGCTTCAAGTGGGAGCGCGTGAT
EE59R,db,EI,exon_exon,Reverse,101,181,GGG,TACTGGAACTGGGCGGCCCTCGC,ATCACGCGCTCCCACTTGAAGCCCTCGGGGAAGGACAGCTTCTTGTAGTCGGGGATGTCGGCGGGGTGCTTCACGTACACCTTGGAGCCGTACTGGAACTGGGCGGCCCTCGCCCTCGCCCTCGATCTCGAACTCGTGGCCGTTCACGGTGCCCTCCATGCGCACCTTGAAG
EE59R,wt,EI,exon_exon,Reverse,101,181,GGG,TACTGGAACTGGGCGGCCCTCGC,ATCACGCGCTCCCACTTGAAGCCCTCGGGGAAGGACAGCTTCTTGTAGTCGGGGATGTCGGCGGGGTGCTTCACGTACACCTTGGAGCCGTACTGGAACTGGGCGGCCCTCGCCCTCGCCCTCGATCTCGAACTCGTGGCCGTTCACGGTGCCCTCCATGCGCACCTTGAAG
EE60,db,EI,exon_exon,Forward,70,187,CCC,GCGAGGGCCGCCCCGCCGACATC,CTTCAAGGTGCGCATGGAGGGCACCGTGAACGGCCACGAGTTCGAGATCGAGGGCGAGGGCGAGGGCCGCCCCGCCGACATCCCCGACTACAAGAAGCTGTCCTTCCCCGAGGGCTTCAAGTGGGAGCGCGTGAT
EE60,wt,EI,exon_exon,Forward,70,187,CCC,GCGAGGGCCGCCCCGCCGACATC,CTTCAAGGTGCGCATGGAGGGCACCGTGAACGGCCACGAGTTCGAGATCGAGGGCGAGGGCGAGGGCCGCCCCGCCGACATCCCCGACTACAAGAAGCTGTCCTTCCCCGAGGGCTTCAAGTGGGAGCGCGTGAT
EE60R,db,EI,exon_exon,Reverse,64,181,GGG,GATGTCGGCGGGGCGGCCCTCGC,ATCACGCGCTCCCACTTGAAGCCCTCGGGGAAGGACAGCTTCTTGTAGTCGGGGATGTCGGCGGGGCGGCCCTCGCCCTCGCCCTCGATCTCGAACTCGTGGCCGTTCACGGTGCCCTCCATGCGCACCTTGAAG
EE60R,wt,EI,exon_exon,Reverse,64,181,GGG,GATGTCGGCGGGGCGGCCCTCGC,ATCACGCGCTCCCACTTGAAGCCCTCGGGGAAGGACAGCTTCTTGTAGTCGGGGATGTCGGCGGGGCGGCCCTCGCCCTCGCCCTCGATCTCGAACTCGTGGCCGTTCACGGTGCCCTCCATGCGCACCTTGAAG
EE61,db,EI,exon_exon,Forward,70,188,CCC,GCGAGGGCCGCCCGCCGACATCC,CTTCAAGGTGCGCATGGAGGGCACCGTGAACGGCCACGAGTTCGAGATCGAGGGCGAGGGCGAGGGCCGCCCGCCGACATCCCCGACTACAAGAAGCTGTCCTTCCCCGAGGGCTTCAAGTGGGAGCGCGTGAT
EE61,wt,EI,exon_exon,Forward,70,188,CCC,GCGAGGGCCGCCCGCCGACATCC,CTTCAAGGTGCGCATGGAGGGCACCGTGAACGGCCACGAGTTCGAGATCGAGGGCGAGGGCGAGGGCCGCCCGCCGACATCCCCGACTACAAGAAGCTGTCCTTCCCCGAGGGCTTCAAGTGGGAGCGCGTGAT
EE61R,db,EI,exon_exon,Reverse,63,181,GGG,GGATGTCGGCGGGCGGCCCTCGC,ATCACGCGCTCCCACTTGAAGCCCTCGGGGAAGGACAGCTTCTTGTAGTCGGGGATGTCGGCGGGCGGCCCTCGCCCTCGCCCTCGATCTCGAACTCGTGGCCGTTCACGGTGCCCTCCATGCGCACCTTGAAG
EE61R,wt,EI,exon_exon,Reverse,63,181,GGG,GGATGTCGGCGGGCGGCCCTCGC,ATCACGCGCTCCCACTTGAAGCCCTCGGGGAAGGACAGCTTCTTGTAGTCGGGGATGTCGGCGGGCGGCCCTCGCCCTCGCCCTCGATCTCGAACTCGTGGCCGTTCACGGTGCCCTCCATGCGCACCTTGAAG
EE62,db,EI,exon_exon,Forward,70,199,CCC,GCGAGGGCCGCCCCGACTACAAG,CTTCAAGGTGCGCATGGAGGGCACCGTGAACGGCCACGAGTTCGAGATCGAGGGCGAGGGCGAGGGCCGCCCCGACTACAAGAAGCTGTCCTTCCCCGAGGGCTTCAAGTGGGAGCGCGTGAT
EE62,wt,EI,exon_exon,Forward,70,199,CCC,GCGAGGGCCGCCCCGACTACAAG,CTTCAAGGTGCGCATGGAGGGCACCGTGAACGGCCACGAGTTCGAGATCGAGGGCGAGGGCGAGGGCCGCCCCGACTACAAGAAGCTGTCCTTCCCCGAGGGCTTCAAGTGGGAGCGCGTGAT
EE62R,db,EI,exon_exon,Reverse,52,181,GGG,CTTGTAGTCGGGGCGGCCCTCGC,ATCACGCGCTCCCACTTGAAGCCCTCGGGGAAGGACAGCTTCTTGTAGTCGGGGCGGCCCTCGCCCTCGCCCTCGATCTCGAACTCGTGGCCGTTCACGGTGCCCTCCATGCGCACCTTGAAG
EE62R,wt,EI,exon_exon,Reverse,52,181,GGG,CTTGTAGTCGGGGCGGCCCTCGC,ATCACGCGCTCCCACTTGAAGCCCTCGGGGAAGGACAGCTTCTTGTAGTCGGGGCGGCCCTCGCCCTCGCCCTCGATCTCGAACTCGTGGCCGTTCACGGTGCCCTCCATGCGCACCTTGAAG
EE63,db,EI,exon_exon,Forward,70,200,CCC,GCGAGGGCCGCCCGACTACAAGA,CTTCAAGGTGCGCATGGAGGGCACCGTGAACGGCCACGAGTTCGAGATCGAGGGCGAGGGCGAGGGCCGCCCGACTACAAGAAGCTGTCCTTCCCCGAGGGCTTCAAGTGGGAGCGCGTGAT
EE63,wt,EI,exon_exon,Forward,70,200,CCC,GCGAGGGCCGCCCGACTACAAGA,CTTCAAGGTGCGCATGGAGGGCACCGTGAACGGCCACGAGTTCGAGATCGAGGGCGAGGGCGAGGGCCGCCCGACTACAAGAAGCTGTCCTTCCCCGAGGGCTTCAAGTGGGAGCGCGTGAT
EE63R,db,EI,exon_exon,Reverse,51,181,GGG,TCTTGTAGTCGGGCGGCCCTCGC,ATCACGCGCTCCCACTTGAAGCCCTCGGGGAAGGACAGCTTCTTGTAGTCGGGCGGCCCTCGCCCTCGCCCTCGATCTCGAACTCGTGGCCGTTCACGGTGCCCTCCATGCGCACCTTGAAG
EE63R,wt,EI,exon_exon,Reverse,51,181,GGG,TCTTGTAGTCGGGCGGCCCTCGC,ATCACGCGCTCCCACTTGAAGCCCTCGGGGAAGGACAGCTTCTTGTAGTCGGGCGGCCCTCGCCCTCGCCCTCGATCTCGAACTCGTGGCCGTTCACGGTGCCCTCCATGCGCACCTTGAAG
EE64,db,EI,exon_exon,Forward,70,223,CCC,GCGAGGGCCGCCCCGAGGGCTTC,CTTCAAGGTGCGCATGGAGGGCACCGTGAACGGCCACGAGTTCGAGATCGAGGGCGAGGGCGAGGGCCGCCCCGAGGGCTTCAAGTGGGAGCGCGTGAT
EE64,wt,EI,exon_exon,Forward,70,223,CCC,GCGAGGGCCGCCCCGAGGGCTTC,CTTCAAGGTGCGCATGGAGGGCACCGTGAACGGCCACGAGTTCGAGATCGAGGGCGAGGGCGAGGGCCGCCCCGAGGGCTTCAAGTGGGAGCGCGTGAT
EE64R,db,EI,exon_exon,Reverse,28,181,GGG,GAAGCCCTCGGGGCGGCCCTCGC,ATCACGCGCTCCCACTTGAAGCCCTCGGGGCGGCCCTCGCCCTCGCCCTCGATCTCGAACTCGTGGCCGTTCACGGTGCCCTCCATGCGCACCTTGAAG
EE64R,wt,EI,exon_exon,Reverse,28,181,GGG,GAAGCCCTCGGGGCGGCCCTCGC,ATCACGCGCTCCCACTTGAAGCCCTCGGGGCGGCCCTCGCCCTCGCCCTCGATCTCGAACTCGTGGCCGTTCACGGTGCCCTCCATGCGCACCTTGAAG
EE65,db,EI,exon_exon,Forward,70,224,CCC,GCGAGGGCCGCCCGAGGGCTTCA,CTTCAAGGTGCGCATGGAGGGCACCGTGAACGGCCACGAGTTCGAGATCGAGGGCGAGGGCGAGGGCCGCCCGAGGGCTTCAAGTGGGAGCGCGTGAT
EE65,wt,EI,exon_exon,Forward,70,224,CCC,GCGAGGGCCGCCCGAGGGCTTCA,CTTCAAGGTGCGCATGGAGGGCACCGTGAACGGCCACGAGTTCGAGATCGAGGGCGAGGGCGAGGGCCGCCCGAGGGCTTCAAGTGGGAGCGCGTGAT
EE65R,db,EI,exon_exon,Reverse,27,181,GGG,TGAAGCCCTCGGGCGGCCCTCGC,ATCACGCGCTCCCACTTGAAGCCCTCGGGCGGCCCTCGCCCTCGCCCTCGATCTCGAACTCGTGGCCGTTCACGGTGCCCTCCATGCGCACCTTGAAG
EE65R,wt,EI,exon_exon,Reverse,27,181,GGG,TGAAGCCCTCGGGCGGCCCTCGC,ATCACGCGCTCCCACTTGAAGCCCTCGGGCGGCCCTCGCCCTCGCCCTCGATCTCGAACTCGTGGCCGTTCACGGTGCCCTCCATGCGCACCTTGAAG
